name,prefecture,city,rent,layout,year,building,location,heights,area,admin,deposit,photo_url,station_list,thumbnails
Ｋｏｌｅｔ昭島中神町,東京都,昭島市,178000.0,1LDK,2,一戸建て・その他,東京都昭島市中神町,3,75.45,0.0,178000.0,https://img01.suumo.com/front/gazo/fr/bukken/754/100421502754/100421502754_gw.jpg,"ＪＲ青梅線/中神駅 歩20分, ＪＲ青梅線/東中神駅 歩21分, 西武拝島線/武蔵砂川駅 歩20分","https://img01.suumo.com/front/gazo/fr/bukken/754/100421502754/100421502754_go.jpg, https://img01.suumo.com/front/gazo/fr/bukken/754/100421502754/100421502754_co.jpg"
新京成線 高根公団駅 3階建 築2年,東京都,昭島市,178000.0,1LDK,2,一戸建て・その他,東京都昭島市中神町,3,75.45,0.0,178000.0,https://img01.suumo.com/front/gazo/fr/bukken/843/100395211843/100395211843_gw.jpg,"新京成線/高根公団駅 歩795分, 西武拝島線/武蔵砂川駅 歩20分, ＪＲ青梅線/中神駅 歩21分","https://img01.suumo.com/front/gazo/fr/bukken/284/100394287284/100394287284_go.jpg, https://img01.suumo.com/front/gazo/fr/bukken/284/100394287284/100394287284_co.jpg"
シーズンフラッツ浅草言問通り,東京都,台東区,188000.0,1LDK,0,マンション,東京都台東区浅草３,13,40.7,15000.0,188000.0,https://img01.suumo.com/front/gazo/fr/bukken/028/100384780028/100384780028_gw.jpg,"つくばエクスプレス/浅草駅 歩5分, 都営浅草線/浅草駅 歩10分, 東京メトロ銀座線/田原町駅 歩14分","https://img01.suumo.com/front/gazo/fr/bukken/320/100424038320/100424038320_go.jpg, https://img01.suumo.com/front/gazo/fr/bukken/320/100424038320/100424038320_co.jpg"
エステートピアグリーン,東京都,立川市,75000.0,1LDK,34,アパート,東京都立川市栄町１,2,37.26,3000.0,0.0,https://img01.suumo.com/front/gazo/fr/bukken/064/100425022064/100425022064_gw.jpg,"ＪＲ中央線/国立駅 歩15分, ＪＲ中央線/立川駅 歩28分, 多摩都市モノレール/高松駅 歩22分","https://img01.suumo.com/front/gazo/fr/bukken/064/100425022064/100425022064_go.jpg, https://img01.suumo.com/front/gazo/fr/bukken/064/100425022064/100425022064_co.jpg"
ＪＲ中央線 国立駅 2階建 築34年,東京都,立川市,75000.0,1LDK,34,アパート,東京都立川市栄町１,2,37.26,3000.0,0.0,https://img01.suumo.com/front/gazo/fr/bukken/302/100425409302/100425409302_gw.jpg,"ＪＲ中央線/国立駅 歩15分, ＪＲ中央線/立川駅 歩28分, 多摩都市モノレール/高松駅 歩22分","https://img01.suumo.com/front/gazo/fr/bukken/302/100425409302/100425409302_go.jpg, https://img01.suumo.com/front/gazo/fr/bukken/302/100425409302/100425409302_co.jpg"
ＪＲ中央線 武蔵小金井駅 3階建 築33年,東京都,小金井市,44000.0,1K,33,マンション,東京都小金井市緑町３,3,19.14,15000.0,0.0,https://img01.suumo.com/front/gazo/fr/bukken/434/100420471434/100420471434_gw.jpg,"ＪＲ中央線/武蔵小金井駅 歩19分, ＪＲ中央線/東小金井駅 歩20分","https://img01.suumo.com/front/gazo/fr/bukken/049/100420471049/100420471049_go.jpg, https://img01.suumo.com/front/gazo/fr/bukken/049/100420471049/100420471049_co.jpg"
サンハイツＡ,東京都,八王子市,65000.0,2DK,32,アパート,東京都八王子市台町２,2,39.75,3000.0,65000.0,https://img01.suumo.com/front/gazo/fr/bukken/893/100406553893/100406553893_gw.jpg,"ＪＲ中央線/西八王子駅 歩10分, 京王高尾線/山田駅 歩15分, 京王高尾線/めじろ台駅 歩24分","https://img01.suumo.com/front/gazo/fr/bukken/893/100406553893/100406553893_go.jpg, https://img01.suumo.com/front/gazo/fr/bukken/893/100406553893/100406553893_co.jpg"
富栄富士見町ヒルズ,東京都,立川市,72500.0,1K,11,アパート,東京都立川市富士見町５,2,27.29,2800.0,0.0,https://img01.suumo.com/front/gazo/fr/bukken/619/100423089619/100423089619_gw.jpg,"ＪＲ中央線/立川駅 歩14分, 多摩都市モノレール/立川南駅 歩15分, ＪＲ青梅線/西立川駅 歩18分","https://img01.suumo.com/front/gazo/fr/bukken/619/100423089619/100423089619_go.jpg, https://img01.suumo.com/front/gazo/fr/bukken/619/100423089619/100423089619_co.jpg"
リビングタウン三ッ木　Ｃ,東京都,武蔵村,79500.0,2LDK,19,アパート,東京都武蔵村山市三ツ木１,3,56.13,5500.0,0.0,https://img01.suumo.com/front/gazo/fr/bukken/056/100424721056/100424721056_gw.jpg,"都営バス/三ツ木交差点（西武拝島線西武立 歩4分, 立川バス・シティバス立川/村山第二小学校（JR中央線立川駅 歩6分","https://img01.suumo.com/front/gazo/fr/bukken/056/100424721056/100424721056_go.jpg, https://img01.suumo.com/front/gazo/fr/bukken/056/100424721056/100424721056_co.jpg"
フラットワセダ,東京都,新宿区,103000.0,1DK,34,マンション,東京都新宿区西早稲田１,10,32.53,7000.0,103000.0,https://img01.suumo.com/front/gazo/fr/bukken/627/100421703627/100421703627_gw.jpg,"東京メトロ東西線/早稲田駅 歩5分, 東京メトロ有楽町線/護国寺駅 歩20分, 東京メトロ副都心線/西早稲田駅 歩18分","https://img01.suumo.com/front/gazo/fr/bukken/627/100421703627/100421703627_ro.jpg, https://img01.suumo.com/front/gazo/fr/bukken/627/100421703627/100421703627_co.jpg"
東京メトロ東西線 早稲田駅 10階建 築34年,東京都,新宿区,119000.0,1DK,34,マンション,東京都新宿区西早稲田１,10,38.61,15000.0,119000.0,https://img01.suumo.com/front/gazo/fr/bukken/620/100425956620/100425956620_gw.jpg,"東京メトロ東西線/早稲田駅 歩5分, 東京メトロ副都心線/西早稲田駅 歩18分, 東京メトロ有楽町線/江戸川橋駅 歩14分","https://img01.suumo.com/front/gazo/fr/bukken/620/100425956620/100425956620_ro.jpg, https://img01.suumo.com/front/gazo/fr/bukken/620/100425956620/100425956620_co.jpg"
リブリ国立,東京都,国立市,71000.0,1K,9,アパート,東京都国立市西１,2,28.44,4000.0,0.0,https://img01.suumo.com/front/gazo/fr/bukken/166/100423623166/100423623166_gw.jpg,"ＪＲ南武線/西国立駅 歩16分, ＪＲ中央線/国立駅 歩16分, ＪＲ南武線/矢川駅 歩19分","https://img01.suumo.com/front/gazo/fr/bukken/433/100392286433/100392286433_go.jpg, https://img01.suumo.com/front/gazo/fr/bukken/433/100392286433/100392286433_co.jpg"
ＪＲ南武線 西国立駅 2階建 築9年,東京都,国立市,73000.0,1K,9,アパート,東京都国立市西１,2,28.44,4000.0,0.0,https://img01.suumo.com/front/gazo/fr/bukken/270/100423776270/100423776270_gw.jpg,"ＪＲ南武線/西国立駅 歩14分, ＪＲ中央線/国立駅 歩14分, ＪＲ南武線/矢川駅 歩19分","https://img01.suumo.com/front/gazo/fr/bukken/491/100422795491/100422795491_go.jpg, https://img01.suumo.com/front/gazo/fr/bukken/491/100422795491/100422795491_co.jpg"
上野毛4丁目戸建,東京都,世田谷区,250000.0,3DK,24,一戸建て・その他,東京都世田谷区上野毛４,2,105.0,0.0,250000.0,https://img01.suumo.com/front/gazo/fr/bukken/125/100425947125/100425947125_gw.jpg,"東急大井町線/上野毛駅 歩10分, 東急田園都市線/用賀駅 歩17分, 東急田園都市線/二子玉川駅 歩19分","https://img01.suumo.com/front/gazo/fr/bukken/942/100424433942/100424433942_go.jpg, https://img01.suumo.com/front/gazo/fr/bukken/942/100424433942/100424433942_co.jpg"
八王子市西寺方町戸建,東京都,八王子市,92000.0,3LDK,47,一戸建て・その他,東京都八王子市西寺方町,2,91.91,0.0,0.0,https://img01.suumo.com/front/gazo/fr/bukken/475/100412383475/100412383475_gw.jpg,ＪＲ中央線/高尾駅 バス16分 (バス停)小野田 歩6分,"https://img01.suumo.com/front/gazo/fr/bukken/408/100420586408/100420586408_go.jpg, https://img01.suumo.com/front/gazo/fr/bukken/408/100420586408/100420586408_co.jpg"
コティカルミア,東京都,練馬区,340000.0,5K以上,91,一戸建て・その他,東京都練馬区立野町,0,154.75,0.0,680000.0,https://img01.suumo.com/front/gazo/fr/bukken/866/100363849866/100363849866_gw.jpg,"ＪＲ中央線/吉祥寺駅 歩20分, 西武新宿線/上石神井駅 歩25分","https://img01.suumo.com/front/gazo/fr/bukken/866/100363849866/100363849866_go.jpg, https://img01.suumo.com/front/gazo/fr/bukken/866/100363849866/100363849866_co.jpg"
ガーデンヒルズ,東京都,世田谷区,107000.0,3DK,28,マンション,東京都世田谷区宇奈根２,2,49.44,5100.0,107000.0,https://img01.suumo.com/front/gazo/fr/bukken/777/100408727777/100408727777_gw.jpg,"小田急線/狛江駅 バス12分 (バス停)宇奈根地区会館前 歩4分, 小田急線/和泉多摩川駅 バス10分 (バス停)宇奈根地区会館前 歩4分, 東急田園都市線/二子玉川駅 歩29分","https://img01.suumo.com/front/gazo/fr/bukken/777/100408727777/100408727777_go.jpg, https://img01.suumo.com/front/gazo/fr/bukken/777/100408727777/100408727777_co.jpg"
ヴィレッジガーデン,東京都,世田谷区,110000.0,3DK,28,マンション,東京都世田谷区宇奈根２,3,49.44,3100.0,110000.0,https://img01.suumo.com/front/gazo/fr/bukken/206/100411219206/100411219206_gw.jpg,"小田急線/狛江駅 バス12分 (バス停)宇奈根地区会館 歩5分, 東急大井町線/二子玉川駅 車18分(3.4km), 東急田園都市線/用賀駅 車20分(5.2km)","https://img01.suumo.com/front/gazo/fr/bukken/206/100411219206/100411219206_go.jpg, https://img01.suumo.com/front/gazo/fr/bukken/206/100411219206/100411219206_co.jpg"
玉川田園調布2丁目戸建,東京都,世田谷区,450000.0,4LDK,39,一戸建て・その他,東京都世田谷区玉川田園調布２,2,154.76,0.0,450000.0,https://img01.suumo.com/front/gazo/fr/bukken/095/100426160095/100426160095_gw.jpg,"東急目黒線/奥沢駅 歩8分, 東急東横線/自由が丘駅 歩9分, 東急大井町線/九品仏駅 歩9分","https://img01.suumo.com/front/gazo/fr/bukken/539/100426162539/100426162539_go.jpg, https://img01.suumo.com/front/gazo/fr/bukken/539/100426162539/100426162539_co.jpg"
大和３丁目貸家,東京都,中野区,159000.0,3LDK,99,一戸建て・その他,東京都中野区大和町３,2,77.68,0.0,318000.0,https://img01.suumo.com/front/gazo/fr/bukken/001/100424175001/100424175001_gw.jpg,"ＪＲ中央線/高円寺駅 歩12分, ＪＲ総武線/高円寺駅 歩12分","https://img01.suumo.com/front/gazo/fr/bukken/001/100424175001/100424175001_go.jpg, https://img01.suumo.com/front/gazo/fr/bukken/001/100424175001/100424175001_co.jpg"
Elvita上用賀,東京都,世田谷区,50000.0,ワンルーム,99,一戸建て・その他,東京都世田谷区上用賀１,2,9.72,0.0,50000.0,https://img01.suumo.com/front/gazo/fr/bukken/612/100365518612/100365518612_gw.jpg,"東急田園都市線/用賀駅 歩12分, 東急田園都市線/桜新町駅 歩16分, 東急世田谷線/上町駅 歩25分","https://img01.suumo.com/front/gazo/fr/bukken/612/100365518612/100365518612_go.jpg, https://img01.suumo.com/front/gazo/fr/bukken/612/100365518612/100365518612_co.jpg"
第２杉山荘,東京都,世田谷区,55000.0,1K,46,アパート,東京都世田谷区船橋２,2,19.44,0.0,55000.0,https://img01.suumo.com/front/gazo/fr/bukken/581/100323015581/100323015581_gw.jpg,"小田急線/千歳船橋駅 歩12分, 小田急線/経堂駅 歩28分, 京王線/桜上水駅 歩29分","https://img01.suumo.com/front/gazo/fr/bukken/361/100395275361/100395275361_go.jpg, https://img01.suumo.com/front/gazo/fr/bukken/361/100395275361/100395275361_co.jpg"
小田急線 千歳船橋駅 2階建 築46年,東京都,世田谷区,55000.0,1K,46,アパート,東京都世田谷区船橋２,2,19.44,0.0,55000.0,https://img01.suumo.com/front/gazo/fr/bukken/562/100375284562/100375284562_gw.jpg,"小田急線/千歳船橋駅 歩13分, 小田急線/祖師ヶ谷大蔵駅 歩20分","https://img01.suumo.com/front/gazo/fr/bukken/050/100422197050/100422197050_go.jpg, https://img01.suumo.com/front/gazo/fr/bukken/050/100422197050/100422197050_co.jpg"
ＬＵＮＡ　ＣＯＵＲＴ　ＡＫＡＢＡＮＥＤＡＩ,東京都,北区,108000.0,1LDK,99,アパート,東京都北区赤羽台３,2,32.09,4000.0,108000.0,https://img01.suumo.com/front/gazo/fr/bukken/047/100419747047/100419747047_gw.jpg,"ＪＲ埼京線/赤羽駅 歩11分, 東京メトロ南北線/赤羽岩淵駅 歩14分, ＪＲ埼京線/北赤羽駅 歩15分","https://img01.suumo.com/front/gazo/fr/bukken/247/100416992247/100416992247_go.jpg, https://img01.suumo.com/front/gazo/fr/bukken/247/100416992247/100416992247_co.jpg"
ＬＵＮＡ　ＣＯＵＲＴ　ＡＫＡＢＡＮＥＤＡＩ,東京都,北区,108000.0,ワンルーム,99,アパート,東京都北区赤羽台３,2,18.86,4000.0,108000.0,https://img01.suumo.com/front/gazo/fr/bukken/293/100423578293/100423578293_gw.jpg,"ＪＲ埼京線/赤羽駅 歩11分, 東京メトロ南北線/赤羽岩淵駅 歩14分, ＪＲ埼京線/北赤羽駅 歩15分","https://img01.suumo.com/front/gazo/fr/bukken/293/100423578293/100423578293_go.jpg, https://img01.suumo.com/front/gazo/fr/bukken/293/100423578293/100423578293_co.jpg"
コーポ山下,東京都,世田谷区,58000.0,1K,99,アパート,東京都世田谷区大原１,2,17.0,0.0,0.0,https://img01.suumo.com/front/gazo/fr/bukken/927/100413634927/100413634927_gw.jpg,"京王線/代田橋駅 歩9分, 京王線/笹塚駅 歩11分, 京王井の頭線/下北沢駅 歩12分","https://img01.suumo.com/front/gazo/fr/bukken/927/100413634927/100413634927_go.jpg, https://img01.suumo.com/front/gazo/fr/bukken/927/100413634927/100413634927_co.jpg"
ＪＲ中央線 信濃町駅 3階建 築99年以上,東京都,新宿区,210000.0,2LDK,99,マンション,東京都新宿区信濃町,3,59.07,15000.0,210000.0,https://img01.suumo.com/front/gazo/fr/bukken/319/100426603319/100426603319_gw.jpg,"ＪＲ中央線/信濃町駅 歩6分, 東京メトロ丸ノ内線/四谷三丁目駅 歩9分, ＪＲ中央線/千駄ケ谷駅 歩14分","https://img01.suumo.com/front/gazo/fr/bukken/319/100426603319/100426603319_go.jpg, https://img01.suumo.com/front/gazo/fr/bukken/319/100426603319/100426603319_co.jpg"
京王高尾線 高尾駅 2階建 築47年,東京都,八王子市,92000.0,5K以上,47,一戸建て・その他,東京都八王子市西寺方町,2,91.91,0.0,0.0,https://img01.suumo.com/front/gazo/fr/bukken/682/100422131682/100422131682_gw.jpg,"京王高尾線/高尾駅 歩57分, ＪＲ中央線/西八王子駅 歩63分, 京王高尾線/狭間駅 歩71分","https://img01.suumo.com/front/gazo/fr/bukken/682/100422131682/100422131682_go.jpg, https://img01.suumo.com/front/gazo/fr/bukken/682/100422131682/100422131682_co.jpg"
八王子市西寺方町,東京都,八王子市,92000.0,5K以上,47,一戸建て・その他,東京都八王子市西寺方町,2,91.91,0.0,0.0,https://img01.suumo.com/front/gazo/fr/bukken/282/100422131282/100422131282_gw.jpg,"京王高尾線/高尾駅 歩57分, ＪＲ中央線/西八王子駅 歩63分, 京王高尾線/狭間駅 歩71分","https://img01.suumo.com/front/gazo/fr/bukken/282/100422131282/100422131282_go.jpg, https://img01.suumo.com/front/gazo/fr/bukken/282/100422131282/100422131282_co.jpg"
松井ハウス,東京都,大田区,49000.0,1K,97,アパート,東京都大田区田園調布２,2,15.0,0.0,49000.0,https://img01.suumo.com/front/gazo/fr/bukken/771/100419412771/100419412771_gw.jpg,"東急東横線/田園調布駅 歩10分, 東急東横線/多摩川駅 歩11分, 東急池上線/雪が谷大塚駅 歩15分","https://img01.suumo.com/front/gazo/fr/bukken/771/100419412771/100419412771_go.jpg, https://img01.suumo.com/front/gazo/fr/bukken/771/100419412771/100419412771_co.jpg"
東急東横線 田園調布駅 2階建 築97年,東京都,大田区,49000.0,1K,97,アパート,東京都大田区田園調布２,2,15.0,0.0,49000.0,https://img01.suumo.com/front/gazo/fr/bukken/395/100419415395/100419415395_gw.jpg,"東急東横線/田園調布駅 歩10分, 東急東横線/多摩川駅 歩11分, 東急池上線/雪が谷大塚駅 歩15分","https://img01.suumo.com/front/gazo/fr/bukken/395/100419415395/100419415395_go.jpg, https://img01.suumo.com/front/gazo/fr/bukken/395/100419415395/100419415395_co.jpg"
ＪＲ中央線 中野駅 4階建 築5年,東京都,中野区,142000.0,1DK,5,マンション,東京都中野区中央３,4,25.52,15000.0,0.0,https://img01.suumo.com/front/gazo/fr/bukken/876/100426245876/100426245876_gw.jpg,"ＪＲ中央線/中野駅 歩14分, 東京メトロ丸ノ内線/新中野駅 歩10分, 東京メトロ丸ノ内線/中野坂上駅 歩9分","https://img01.suumo.com/front/gazo/fr/bukken/762/100417921762/100417921762_go.jpg, https://img01.suumo.com/front/gazo/fr/bukken/762/100417921762/100417921762_co.jpg"
加賀町2丁目戸建,東京都,新宿区,145000.0,3K,99,一戸建て・その他,東京都新宿区市谷加賀町２,2,31.04,0.0,145000.0,https://img01.suumo.com/front/gazo/fr/bukken/159/100424993159/100424993159_gw.jpg,"都営大江戸線/牛込柳町駅 歩6分, 都営新宿線/曙橋駅 歩9分","https://img01.suumo.com/front/gazo/fr/bukken/159/100424993159/100424993159_go.jpg, https://img01.suumo.com/front/gazo/fr/bukken/159/100424993159/100424993159_co.jpg"
木貸家Ａ棟,東京都,八王子市,40000.0,2K,56,アパート,東京都八王子市宇津木町,1,33.93,0.0,0.0,https://img01.suumo.com/front/gazo/fr/bukken/525/100423935525/100423935525_gw.jpg,ＪＲ中央線/八王子駅 歩49分,"https://img01.suumo.com/front/gazo/fr/bukken/525/100423935525/100423935525_go.jpg, https://img01.suumo.com/front/gazo/fr/bukken/525/100423935525/100423935525_co.jpg"
リバーパーク,東京都,八王子市,40000.0,1DK,32,アパート,東京都八王子市西寺方町,2,24.83,2000.0,40000.0,https://img01.suumo.com/front/gazo/fr/bukken/777/100417240777/100417240777_gw.jpg,"ＪＲ中央線/八王子駅 バス35分 (バス停)陵北大橋 歩1分, ＪＲ中央線/高尾駅 歩71分, ＪＲ中央線/西八王子駅 歩70分","https://img01.suumo.com/front/gazo/fr/bukken/618/100380265618/100380265618_go.jpg, https://img01.suumo.com/front/gazo/fr/bukken/618/100380265618/100380265618_co.jpg"
ＪＲ中央線 高尾駅 2階建 築32年,東京都,八王子市,40000.0,1DK,32,アパート,東京都八王子市西寺方町,2,24.83,2000.0,40000.0,https://img01.suumo.com/front/gazo/fr/bukken/533/100417985533/100417985533_gw.jpg,ＪＲ中央線/高尾駅 バス20分 (バス停)陵北大橋 歩1分,"https://img01.suumo.com/front/gazo/fr/bukken/534/100417985534/100417985534_go.jpg, https://img01.suumo.com/front/gazo/fr/bukken/534/100417985534/100417985534_co.jpg"
パステルハウス馬込,東京都,大田区,52000.0,ワンルーム,99,アパート,東京都大田区東馬込１,1,12.45,3000.0,0.0,https://img01.suumo.com/front/gazo/fr/bukken/110/100418297110/100418297110_gw.jpg,"都営浅草線/馬込駅 歩4分, 都営浅草線/中延駅 歩8分, ＪＲ京浜東北線/大森駅 歩25分","https://img01.suumo.com/front/gazo/fr/bukken/110/100418297110/100418297110_go.jpg, https://img01.suumo.com/front/gazo/fr/bukken/110/100418297110/100418297110_co.jpg"
ＪＲ中央線 八王子駅 2階建 築24年,東京都,八王子市,39000.0,1K,24,アパート,東京都八王子市滝山町２,2,19.87,5000.0,0.0,https://img01.suumo.com/front/gazo/fr/bukken/038/100393568038/100393568038_gw.jpg,"ＪＲ中央線/八王子駅 バス21分 (バス停)純心女子学園 歩3分, 京王線/京王八王子駅 バス23分 (バス停)純心女子学園 歩3分, ＪＲ八高線/拝島駅 歩81分","https://img01.suumo.com/front/gazo/fr/bukken/038/100393568038/100393568038_go.jpg, https://img01.suumo.com/front/gazo/fr/bukken/038/100393568038/100393568038_co.jpg"
第六田中荘,東京都,調布市,48500.0,1K,51,アパート,東京都調布市深大寺東町８,2,19.85,0.0,48500.0,https://img01.suumo.com/front/gazo/fr/bukken/904/100308293904/100308293904_gw.jpg,"京王線/調布駅 歩52分, ＪＲ中央線/三鷹駅 バス13分 (バス停)吉野東 歩4分, ＪＲ総武線/三鷹駅 バス13分 (バス停)吉野東 歩4分","https://img01.suumo.com/front/gazo/fr/bukken/904/100308293904/100308293904_go.jpg, https://img01.suumo.com/front/gazo/fr/bukken/904/100308293904/100308293904_co.jpg"
東京メトロ丸ノ内線 南阿佐ケ谷駅 2階建 築45年,東京都,杉並区,55000.0,1K,45,アパート,東京都杉並区成田西２,2,18.8,0.0,55000.0,https://img01.suumo.com/front/gazo/fr/bukken/170/100378220170/100378220170_gw.jpg,"東京メトロ丸ノ内線/南阿佐ケ谷駅 歩17分, ＪＲ中央線/阿佐ケ谷駅 歩25分, 京王井の頭線/浜田山駅 歩12分","https://img01.suumo.com/front/gazo/fr/bukken/893/100414193893/100414193893_go.jpg, https://img01.suumo.com/front/gazo/fr/bukken/893/100414193893/100414193893_co.jpg"
西武新宿線 野方駅 4階建 築97年,東京都,中野区,70000.0,ワンルーム,97,マンション,東京都中野区野方５,4,23.03,5000.0,70000.0,https://img01.suumo.com/front/gazo/fr/bukken/846/100426827846/100426827846_gw.jpg,"西武新宿線/野方駅 歩3分, 西武新宿線/都立家政駅 歩10分, ＪＲ総武線/高円寺駅 歩18分","https://img01.suumo.com/front/gazo/fr/bukken/846/100426827846/100426827846_go.jpg, https://img01.suumo.com/front/gazo/fr/bukken/846/100426827846/100426827846_co.jpg"
弐分方町貸家,東京都,八王子市,44000.0,2DK,59,一戸建て・その他,東京都八王子市弐分方町,0,34.9,0.0,44000.0,https://img01.suumo.com/front/gazo/fr/bukken/821/100392647821/100392647821_gw.jpg,"ＪＲ中央線/西八王子駅 歩43分, 京王高尾線/高尾駅 歩55分, 京王高尾線/狭間駅 歩60分","https://img01.suumo.com/front/gazo/fr/bukken/821/100392647821/100392647821_go.jpg, https://img01.suumo.com/front/gazo/fr/bukken/821/100392647821/100392647821_co.jpg"
ＪＲ中央線 西八王子駅 平屋 築59年,東京都,八王子市,44000.0,2DK,59,一戸建て・その他,東京都八王子市弐分方町,0,34.9,0.0,44000.0,https://img01.suumo.com/front/gazo/fr/bukken/251/100392647251/100392647251_gw.jpg,"ＪＲ中央線/西八王子駅 歩43分, 京王高尾線/高尾駅 歩55分, 京王高尾線/狭間駅 歩60分","https://img01.suumo.com/front/gazo/fr/bukken/251/100392647251/100392647251_go.jpg, https://img01.suumo.com/front/gazo/fr/bukken/251/100392647251/100392647251_co.jpg"
東京メトロ日比谷線 虎ノ門ヒルズ駅 地下1地上14階建 築19年,東京都,港区,140000.0,1K,19,マンション,東京都港区西新橋２,1,21.16,10000.0,0.0,https://img01.suumo.com/front/gazo/fr/bukken/432/100422082432/100422082432_gw.jpg,"東京メトロ日比谷線/虎ノ門ヒルズ駅 歩4分, 東京メトロ銀座線/虎ノ門駅 歩6分","https://img01.suumo.com/front/gazo/fr/bukken/818/100413485818/100413485818_go.jpg, https://img01.suumo.com/front/gazo/fr/bukken/818/100413485818/100413485818_co.jpg"
杉並区久我山５丁目戸建,東京都,杉並区,200000.0,1LDK,97,一戸建て・その他,東京都杉並区久我山５,2,47.81,0.0,200000.0,https://img01.suumo.com/front/gazo/fr/bukken/564/100414686564/100414686564_gw.jpg,京王井の頭線/久我山駅 歩6分,"https://img01.suumo.com/front/gazo/fr/bukken/564/100414686564/100414686564_go.jpg, https://img01.suumo.com/front/gazo/fr/bukken/564/100414686564/100414686564_co.jpg"
中銀高円寺マンシオン,東京都,杉並区,142000.0,1DK,39,マンション,東京都杉並区高円寺南４,12,37.26,6000.0,142000.0,https://img01.suumo.com/front/gazo/fr/bukken/932/100416366932/100416366932_gw.jpg,"ＪＲ中央線/高円寺駅 歩3分, 東京メトロ丸ノ内線/新高円寺駅 歩9分, 東京メトロ丸ノ内線/東高円寺駅 歩16分","https://img01.suumo.com/front/gazo/fr/bukken/622/100423589622/100423589622_co.jpg, https://img01.suumo.com/front/gazo/fr/bukken/622/100423589622/100423589622_s2o.jpg"
山田貸家,東京都,中央区,75000.0,3K,96,一戸建て・その他,東京都中央区佃２,2,34.02,0.0,75000.0,https://img01.suumo.com/front/gazo/fr/bukken/851/100242441851/100242441851_gw.jpg,東京メトロ有楽町線/月島駅 歩4分,"https://img01.suumo.com/front/gazo/fr/bukken/851/100242441851/100242441851_go.jpg, https://img01.suumo.com/front/gazo/fr/bukken/851/100242441851/100242441851_co.jpg"
アスピリア　ウエスト,東京都,八王子市,65000.0,2LDK,16,一戸建て・その他,東京都八王子市川口町,2,67.73,3000.0,0.0,https://img01.suumo.com/front/gazo/fr/bukken/218/100412495218/100412495218_gw.jpg,"ＪＲ中央線/八王子駅 バス22分 (バス停)上榎木 歩6分, 京王線/京王八王子駅 バス22分 (バス停)上榎木 歩6分","https://img01.suumo.com/front/gazo/fr/bukken/398/100417674398/100417674398_go.jpg, https://img01.suumo.com/front/gazo/fr/bukken/398/100417674398/100417674398_co.jpg"
ヒデコーポ,東京都,大田区,33000.0,2K,81,アパート,東京都大田区中央８,2,20.0,2000.0,33000.0,https://img01.suumo.com/front/gazo/fr/bukken/649/100330686649/100330686649_gw.jpg,"ＪＲ京浜東北線/蒲田駅 歩19分, 東急池上線/池上駅 歩17分","https://img01.suumo.com/front/gazo/fr/bukken/649/100330686649/100330686649_go.jpg, https://img01.suumo.com/front/gazo/fr/bukken/649/100330686649/100330686649_co.jpg"
ＪＲ中央線 西八王子駅 2階建 築32年,東京都,八王子市,52000.0,3DK,32,アパート,東京都八王子市西寺方町,2,50.81,2000.0,52000.0,https://img01.suumo.com/front/gazo/fr/bukken/141/100419018141/100419018141_gw.jpg,"ＪＲ中央線/西八王子駅 歩65分, 京王高尾線/高尾駅 歩72分, ＪＲ五日市線/秋川駅 歩99分","https://img01.suumo.com/front/gazo/fr/bukken/045/100419255045/100419255045_go.jpg, https://img01.suumo.com/front/gazo/fr/bukken/045/100419255045/100419255045_co.jpg"
アビタシオンＢ,東京都,八王子市,52000.0,3K,32,アパート,東京都八王子市西寺方町,2,50.81,2000.0,52000.0,https://img01.suumo.com/front/gazo/fr/bukken/302/100390130302/100390130302_gw.jpg,"ＪＲ中央線/西八王子駅 バス24分 (バス停)宝生寺団地入口 歩12分, ＪＲ中央線/高尾駅 バス25分 (バス停)陵北大橋 歩6分, ＪＲ中央線/八王子駅 バス31分 (バス停)陵北大橋 歩6分","https://img01.suumo.com/front/gazo/fr/bukken/302/100390130302/100390130302_go.jpg, https://img01.suumo.com/front/gazo/fr/bukken/302/100390130302/100390130302_co.jpg"
ルミエール,東京都,世田谷区,69000.0,2DK,31,アパート,東京都世田谷区宇奈根３,2,40.07,2000.0,69300.0,https://img01.suumo.com/front/gazo/fr/bukken/462/100424367462/100424367462_gw.jpg,"東急田園都市線/二子玉川駅 バス10分 (バス停)鎌田 歩5分, 小田急線/成城学園前駅 車14分(2.9km), 東急田園都市線/二子新地駅 車12分(3.0km)","https://img01.suumo.com/front/gazo/fr/bukken/462/100424367462/100424367462_go.jpg, https://img01.suumo.com/front/gazo/fr/bukken/462/100424367462/100424367462_co.jpg"
東急田園都市線 駒沢大学駅 地下1地上4階建 築5年,東京都,世田谷区,125000.0,ワンルーム,5,マンション,東京都世田谷区駒沢２,1,25.15,10000.0,0.0,https://img01.suumo.com/front/gazo/fr/bukken/481/100402652481/100402652481_gw.jpg,"東急田園都市線/駒沢大学駅 歩3分, 東急世田谷線/松陰神社前駅 歩18分, 東急田園都市線/桜新町駅 歩20分","https://img01.suumo.com/front/gazo/fr/bukken/061/100420105061/100420105061_go.jpg, https://img01.suumo.com/front/gazo/fr/bukken/061/100420105061/100420105061_co.jpg"
カーサN＆T,東京都,八王子市,58000.0,2LDK,32,マンション,東京都八王子市下恩方町,2,55.06,5000.0,0.0,https://img01.suumo.com/front/gazo/fr/bukken/383/100424779383/100424779383_gw.jpg,"ＪＲ中央線/西八王子駅 バス18分 (バス停)元木 歩2分, ＪＲ中央線/八王子駅 バス22分 (バス停)小田野 歩8分, ＪＲ中央線/高尾駅 バス22分 (バス停)小田野 歩8分","https://img01.suumo.com/front/gazo/fr/bukken/095/100405695095/100405695095_go.jpg, https://img01.suumo.com/front/gazo/fr/bukken/095/100405695095/100405695095_co.jpg"
ＪＲ中央線 西八王子駅 2階建 築32年,東京都,八王子市,58000.0,2LDK,32,マンション,東京都八王子市下恩方町,2,55.06,5000.0,0.0,https://img01.suumo.com/front/gazo/fr/bukken/003/100340680003/100340680003_gw.jpg,"ＪＲ中央線/西八王子駅 バス20分 (バス停)元木 歩2分, ＪＲ中央線/八王子駅 バス34分 (バス停)小田野 歩7分, 京王高尾線/高尾駅 歩69分","https://img01.suumo.com/front/gazo/fr/bukken/764/100421192764/100421192764_go.jpg, https://img01.suumo.com/front/gazo/fr/bukken/764/100421192764/100421192764_co.jpg"
竹内コ－ポ,東京都,狛江市,42000.0,1K,89,アパート,東京都狛江市猪方１,2,18.21,0.0,42000.0,https://img01.suumo.com/front/gazo/fr/bukken/628/100425036628/100425036628_gw.jpg,"小田急線/狛江駅 歩10分, 小田急線/和泉多摩川駅 歩13分, 小田急線/喜多見駅 歩17分","https://img01.suumo.com/front/gazo/fr/bukken/756/100351552756/100351552756_go.jpg, https://img01.suumo.com/front/gazo/fr/bukken/756/100351552756/100351552756_co.jpg"
ＪＲ中央線 立川駅 2階建 築52年,東京都,武蔵村,53000.0,2DK,52,マンション,東京都武蔵村山市三ツ木２,2,34.02,0.0,53000.0,https://img01.suumo.com/front/gazo/fr/bukken/772/100424738772/100424738772_gw.jpg,ＪＲ中央線/立川駅 バス40分 (バス停)村山第2小学校 歩4分,"https://img01.suumo.com/front/gazo/fr/bukken/772/100424738772/100424738772_go.jpg, https://img01.suumo.com/front/gazo/fr/bukken/772/100424738772/100424738772_co.jpg"
ＪＲ中央線 八王子駅 2階建 築22年,東京都,八王子市,41000.0,1K,22,アパート,東京都八王子市丹木町３,2,20.28,5000.0,0.0,https://img01.suumo.com/front/gazo/fr/bukken/969/100426463969/100426463969_gw.jpg,"ＪＲ中央線/八王子駅 バス27分 (バス停)滝山城址下 歩5分, 京王線/京王八王子駅 バス29分 (バス停)滝山城址下 歩5分, ＪＲ青梅線/拝島駅 バス16分 (バス停)滝山城址下 歩5分","https://img01.suumo.com/front/gazo/fr/bukken/969/100426463969/100426463969_go.jpg, https://img01.suumo.com/front/gazo/fr/bukken/969/100426463969/100426463969_co.jpg"
東京メトロ副都心線 地下鉄赤塚駅 2階建 築89年,東京都,練馬区,43000.0,ワンルーム,89,アパート,東京都練馬区田柄２,2,12.74,3000.0,0.0,https://img01.suumo.com/front/gazo/fr/bukken/592/100417978592/100417978592_gw.jpg,"東京メトロ副都心線/地下鉄赤塚駅 歩9分, 東武東上線/下赤塚駅 歩8分, 東京メトロ有楽町線/平和台駅 歩22分","https://img01.suumo.com/front/gazo/fr/bukken/592/100417978592/100417978592_go.jpg, https://img01.suumo.com/front/gazo/fr/bukken/592/100417978592/100417978592_co.jpg"
フローレスコーポ,東京都,大田区,58000.0,1DK,53,アパート,東京都大田区中央３,2,18.15,0.0,0.0,https://img01.suumo.com/front/gazo/fr/bukken/491/100399753491/100399753491_gw.jpg,"ＪＲ京浜東北線/蒲田駅 歩18分, 京急本線/大森町駅 歩16分, 京急本線/梅屋敷駅 歩19分","https://img01.suumo.com/front/gazo/fr/bukken/491/100399753491/100399753491_go.jpg, https://img01.suumo.com/front/gazo/fr/bukken/491/100399753491/100399753491_co.jpg"
仙波貸家,東京都,目黒区,180000.0,4K,84,一戸建て・その他,東京都目黒区碑文谷５,0,84.15,0.0,180000.0,https://img01.suumo.com/front/gazo/fr/bukken/450/100425801450/100425801450_gw.jpg,"東急東横線/学芸大学駅 歩9分, 東急東横線/都立大学駅 歩11分","https://img01.suumo.com/front/gazo/fr/bukken/450/100425801450/100425801450_go.jpg, https://img01.suumo.com/front/gazo/fr/bukken/450/100425801450/100425801450_co.jpg"
コーポリリー,東京都,八王子市,29000.0,ワンルーム,37,アパート,東京都八王子市犬目町,2,17.0,3000.0,0.0,https://img01.suumo.com/front/gazo/fr/bukken/300/100425468300/100425468300_gw.jpg,"ＪＲ中央線/八王子駅 歩56分, 京王線/京王八王子駅 歩58分, ＪＲ中央線/西八王子駅 歩47分","https://img01.suumo.com/front/gazo/fr/bukken/849/100425783849/100425783849_go.jpg, https://img01.suumo.com/front/gazo/fr/bukken/849/100425783849/100425783849_co.jpg"
加園マンション,東京都,武蔵村,53000.0,2DK,52,マンション,東京都武蔵村山市三ツ木２,2,34.02,0.0,53000.0,https://img01.suumo.com/front/gazo/fr/bukken/795/100383033795/100383033795_gw.jpg,"立川バス/村山第２小学校 歩4分, 西武拝島線/西武立川駅 歩48分, 西武拝島線/武蔵砂川駅 歩55分","https://img01.suumo.com/front/gazo/fr/bukken/795/100383033795/100383033795_go.jpg, https://img01.suumo.com/front/gazo/fr/bukken/795/100383033795/100383033795_co.jpg"
サンハイツ,東京都,目黒区,68000.0,1K,89,アパート,東京都目黒区祐天寺１,2,17.32,0.0,68000.0,https://img01.suumo.com/front/gazo/fr/bukken/989/100245454989/100245454989_gw.jpg,"東急東横線/祐天寺駅 歩6分, 東京メトロ日比谷線/中目黒駅 歩12分, 東急東横線/中目黒駅 歩12分","https://img01.suumo.com/front/gazo/fr/bukken/968/100314639968/100314639968_go.jpg, https://img01.suumo.com/front/gazo/fr/bukken/968/100314639968/100314639968_co.jpg"
本郷町戸建,東京都,八王子市,85000.0,2DK,74,一戸建て・その他,東京都八王子市本郷町,2,55.42,0.0,0.0,https://img01.suumo.com/front/gazo/fr/bukken/964/100413164964/100413164964_gw.jpg,"ＪＲ中央線/八王子駅 歩20分, 京王線/京王八王子駅 歩20分, ＪＲ中央線/西八王子駅 歩24分","https://img01.suumo.com/front/gazo/fr/bukken/964/100413164964/100413164964_go.jpg, https://img01.suumo.com/front/gazo/fr/bukken/964/100413164964/100413164964_co.jpg"
ウイング2,東京都,三鷹市,84000.0,2DK,33,アパート,東京都三鷹市中原１,2,35.91,2000.0,84000.0,https://img01.suumo.com/front/gazo/fr/bukken/816/100399771816/100399771816_gw.jpg,"京王線/仙川駅 歩12分, 京王線/つつじヶ丘駅 歩14分, 京王線/柴崎駅 歩28分","https://img01.suumo.com/front/gazo/fr/bukken/816/100399771816/100399771816_2o.jpg, https://img01.suumo.com/front/gazo/fr/bukken/816/100399771816/100399771816_co.jpg"
大楽寺町貸家3,東京都,八王子市,110000.0,3LDK,51,一戸建て・その他,東京都八王子市大楽寺町,2,72.7,0.0,110000.0,https://img01.suumo.com/front/gazo/fr/bukken/160/100420636160/100420636160_gw.jpg,"ＪＲ中央線/西八王子駅 歩44分, ＪＲ中央線/高尾駅 歩58分, ＪＲ中央線/八王子駅 バス23分 (バス停)諏訪中央 歩7分","https://img01.suumo.com/front/gazo/fr/bukken/160/100420636160/100420636160_go.jpg, https://img01.suumo.com/front/gazo/fr/bukken/160/100420636160/100420636160_co.jpg"
大和荘,東京都,八王子市,30000.0,2K,61,アパート,東京都八王子市中野山王１,2,30.0,0.0,0.0,https://img01.suumo.com/front/gazo/fr/bukken/138/100417761138/100417761138_gw.jpg,"ＪＲ中央線/八王子駅 歩32分, 京王線/京王八王子駅 歩35分, ＪＲ中央線/西八王子駅 歩35分","https://img01.suumo.com/front/gazo/fr/bukken/138/100417761138/100417761138_go.jpg, https://img01.suumo.com/front/gazo/fr/bukken/138/100417761138/100417761138_co.jpg"
木原山ロッヂ,東京都,大田区,38000.0,ワンルーム,86,アパート,東京都大田区山王４,3,10.0,0.0,38000.0,https://img01.suumo.com/front/gazo/fr/bukken/350/100279351350/100279351350_gw.jpg,"ＪＲ京浜東北線/大森駅 歩10分, 都営浅草線/馬込駅 歩16分, 京急本線/大森海岸駅 歩21分","https://img01.suumo.com/front/gazo/fr/bukken/350/100279351350/100279351350_go.jpg, https://img01.suumo.com/front/gazo/fr/bukken/350/100279351350/100279351350_co.jpg"
中山コーポ,東京都,杉並区,40000.0,ワンルーム,79,アパート,東京都杉並区本天沼２,2,14.8,1000.0,0.0,https://img01.suumo.com/front/gazo/fr/bukken/409/100358824409/100358824409_gw.jpg,"ＪＲ総武線/荻窪駅 歩17分, 西武新宿線/下井草駅 歩15分, ＪＲ総武線/阿佐ケ谷駅 歩22分","https://img01.suumo.com/front/gazo/fr/bukken/409/100358824409/100358824409_go.jpg, https://img01.suumo.com/front/gazo/fr/bukken/409/100358824409/100358824409_co.jpg"
新宿区中井２丁目戸建,東京都,新宿区,190000.0,5K以上,80,一戸建て・その他,東京都新宿区中井２,2,120.28,0.0,190000.0,https://img01.suumo.com/front/gazo/fr/bukken/185/100426699185/100426699185_gw.jpg,"都営大江戸線/中井駅 歩8分, 西武新宿線/新井薬師前駅 歩11分, 東京メトロ東西線/落合駅 歩11分","https://img01.suumo.com/front/gazo/fr/bukken/185/100426699185/100426699185_go.jpg, https://img01.suumo.com/front/gazo/fr/bukken/185/100426699185/100426699185_co.jpg"
南千住テラスハウス,東京都,荒川区,65000.0,2K,91,一戸建て・その他,東京都荒川区南千住７,0,23.1,0.0,65000.0,https://img01.suumo.com/front/gazo/fr/bukken/284/100421742284/100421742284_gw.jpg,"ＪＲ常磐線/南千住駅 歩3分, 東京メトロ日比谷線/南千住駅 歩5分","https://img01.suumo.com/front/gazo/fr/bukken/284/100421742284/100421742284_go.jpg, https://img01.suumo.com/front/gazo/fr/bukken/284/100421742284/100421742284_co.jpg"
レオパレスHSI RIVER,東京都,八王子市,41000.0,1K,22,アパート,東京都八王子市丹木町３,2,20.28,5000.0,0.0,https://img01.suumo.com/front/gazo/fr/bukken/635/100422077635/100422077635_gw.jpg,"ＪＲ中央線/八王子駅 バス27分 (バス停)滝山城址下 歩5分, 京王線/京王八王子駅 バス29分 (バス停)滝山城址下 歩5分, ＪＲ青梅線/拝島駅 バス21分 (バス停)滝山城址下 歩5分","https://img01.suumo.com/front/gazo/fr/bukken/297/100422612297/100422612297_go.jpg, https://img01.suumo.com/front/gazo/fr/bukken/297/100422612297/100422612297_co.jpg"
さくら荘,東京都,八王子市,50000.0,2DK,46,アパート,東京都八王子市丹木町１,2,30.0,0.0,50000.0,https://img01.suumo.com/front/gazo/fr/bukken/722/100413755722/100413755722_gw.jpg,"ＪＲ中央線/八王子駅 バス10分 (バス停)新道丹木町 歩3分, 京王線/京王八王子駅 歩52分, ＪＲ八高線/小宮駅 歩49分","https://img01.suumo.com/front/gazo/fr/bukken/722/100413755722/100413755722_go.jpg, https://img01.suumo.com/front/gazo/fr/bukken/722/100413755722/100413755722_co.jpg"
ＪＲ八高線 小宮駅 2階建 築46年,東京都,八王子市,50000.0,2DK,46,アパート,東京都八王子市丹木町１,2,30.0,0.0,50000.0,https://img01.suumo.com/front/gazo/fr/bukken/749/100413198749/100413198749_gw.jpg,"ＪＲ八高線/小宮駅 歩48分, ＪＲ八高線/北八王子駅 歩49分, 京王線/京王八王子駅 歩53分","https://img01.suumo.com/front/gazo/fr/bukken/749/100413198749/100413198749_go.jpg, https://img01.suumo.com/front/gazo/fr/bukken/749/100413198749/100413198749_co.jpg"
メゾン・ボナールII,東京都,三鷹市,54000.0,1K,63,アパート,東京都三鷹市野崎３,2,19.87,4000.0,0.0,https://img01.suumo.com/front/gazo/fr/bukken/970/100378879970/100378879970_gw.jpg,"ＪＲ中央線/武蔵境駅 歩30分, ＪＲ中央線/武蔵境駅 バス13分 (バス停)第二小学校 歩2分, ＪＲ中央線/三鷹駅 バス14分 (バス停)大沢 歩5分","https://img01.suumo.com/front/gazo/fr/bukken/970/100378879970/100378879970_go.jpg, https://img01.suumo.com/front/gazo/fr/bukken/970/100378879970/100378879970_co.jpg"
ＪＲ総武線 新小岩駅 2階建 築72年,東京都,葛飾区,95000.0,3DK,72,一戸建て・その他,東京都葛飾区西新小岩３,2,74.65,0.0,95000.0,https://img01.suumo.com/front/gazo/fr/bukken/360/100425522360/100425522360_gw.jpg,"ＪＲ総武線/新小岩駅 歩21分, 京成押上線/四ツ木駅 歩20分, 京成押上線/八広駅 歩27分","https://img01.suumo.com/front/gazo/fr/bukken/360/100425522360/100425522360_go.jpg, https://img01.suumo.com/front/gazo/fr/bukken/360/100425522360/100425522360_co.jpg"
ＪＲ中央線 八王子駅 2階建 築74年,東京都,八王子市,85000.0,2DK,74,一戸建て・その他,東京都八王子市本郷町,2,55.42,0.0,0.0,https://img01.suumo.com/front/gazo/fr/bukken/662/100424447662/100424447662_gw.jpg,"ＪＲ中央線/八王子駅 歩20分, ＪＲ中央線/西八王子駅 歩24分, 京王線/京王八王子駅 歩23分","https://img01.suumo.com/front/gazo/fr/bukken/662/100424447662/100424447662_go.jpg, https://img01.suumo.com/front/gazo/fr/bukken/662/100424447662/100424447662_co.jpg"
クラルテ三田,東京都,港区,600000.0,2LDK,35,マンション,東京都港区三田２,1,100.71,0.0,1200000.0,https://img01.suumo.com/front/gazo/fr/bukken/744/100426411744/100426411744_gw.jpg,"東京メトロ南北線/麻布十番駅 歩5分, 都営大江戸線/赤羽橋駅 歩12分, 都営大江戸線/麻布十番駅 歩5分","https://img01.suumo.com/front/gazo/fr/bukken/744/100426411744/100426411744_go.jpg, https://img01.suumo.com/front/gazo/fr/bukken/744/100426411744/100426411744_co.jpg"
さかえビル,東京都,文京区,88000.0,ワンルーム,91,一戸建て・その他,東京都文京区本郷３,4,15.4,10000.0,0.0,https://img01.suumo.com/front/gazo/fr/bukken/757/100418642757/100418642757_gw.jpg,"都営大江戸線/本郷三丁目駅 歩3分, 東京メトロ丸ノ内線/本郷三丁目駅 歩7分","https://img01.suumo.com/front/gazo/fr/bukken/128/100422086128/100422086128_go.jpg, https://img01.suumo.com/front/gazo/fr/bukken/128/100422086128/100422086128_co.jpg"
榛澤荘,東京都,調布市,40000.0,1DK,53,アパート,東京都調布市深大寺北町７,2,22.28,0.0,40000.0,https://img01.suumo.com/front/gazo/fr/bukken/410/100359012410/100359012410_gw.jpg,"ＪＲ中央線/武蔵境駅 歩39分, ＪＲ中央線/三鷹駅 バス19分 (バス停)深大寺北町 歩4分, 京王線/調布駅 バス14分 (バス停)深大寺北町 歩4分","https://img01.suumo.com/front/gazo/fr/bukken/410/100359012410/100359012410_go.jpg, https://img01.suumo.com/front/gazo/fr/bukken/410/100359012410/100359012410_co.jpg"
Ｋハウス,東京都,北区,120000.0,1DK,90,一戸建て・その他,東京都北区昭和町２,0,23.14,0.0,120000.0,https://img01.suumo.com/front/gazo/fr/bukken/712/100377174712/100377174712_gw.jpg,"ＪＲ高崎線/尾久駅 歩4分, 都電荒川線/荒川車庫前駅 歩6分, ＪＲ京浜東北線/上中里駅 歩17分","https://img01.suumo.com/front/gazo/fr/bukken/712/100377174712/100377174712_go.jpg, https://img01.suumo.com/front/gazo/fr/bukken/712/100377174712/100377174712_co.jpg"
ＪＲ総武線快速 新小岩駅 2階建 築62年,東京都,江戸川区,75000.0,1LDK,62,アパート,東京都江戸川区大杉５,2,52.9,0.0,75000.0,https://img01.suumo.com/front/gazo/fr/bukken/203/100370572203/100370572203_gw.jpg,"ＪＲ総武線快速/新小岩駅 歩32分, 都営新宿線/一之江駅 歩42分, ＪＲ総武線/小岩駅 歩43分","https://img01.suumo.com/front/gazo/fr/bukken/203/100370572203/100370572203_go.jpg, https://img01.suumo.com/front/gazo/fr/bukken/203/100370572203/100370572203_co.jpg"
Ｋｏｌｅｔ八王子川口１０,東京都,八王子市,158000.0,4LDK,0,一戸建て・その他,東京都八王子市川口町,2,97.09,0.0,158000.0,https://img01.suumo.com/front/gazo/fr/bukken/641/100418427641/100418427641_gw.jpg,"ＪＲ中央線/八王子駅 バス30分 (バス停)上榎木 歩8分, ＪＲ五日市線/秋川駅 車18分(9.6km), ＪＲ五日市線/東秋留駅 車20分(8.5km)","https://img01.suumo.com/front/gazo/fr/bukken/641/100418427641/100418427641_go.jpg, https://img01.suumo.com/front/gazo/fr/bukken/641/100418427641/100418427641_co.jpg"
ＪＲ五日市線 秋川駅 2階建 新築,東京都,八王子市,158000.0,4LDK,0,一戸建て・その他,東京都八王子市川口町,2,97.09,0.0,158000.0,https://img01.suumo.com/front/gazo/fr/bukken/916/100415282916/100415282916_gw.jpg,"ＪＲ五日市線/秋川駅 歩85分, ＪＲ五日市線/東秋留駅 歩87分, ＪＲ五日市線/武蔵引田駅 歩95分","https://img01.suumo.com/front/gazo/fr/bukken/916/100415282916/100415282916_go.jpg, https://img01.suumo.com/front/gazo/fr/bukken/916/100415282916/100415282916_co.jpg"
ドミール奥住,東京都,八王子市,32000.0,1K,36,アパート,東京都八王子市滝山町２,2,20.0,0.0,32000.0,https://img01.suumo.com/front/gazo/fr/bukken/108/100411215108/100411215108_gw.jpg,"ＪＲ中央線/八王子駅 歩55分, 京王線/京王八王子駅 歩54分, ＪＲ青梅線/昭島駅 歩66分","https://img01.suumo.com/front/gazo/fr/bukken/108/100411215108/100411215108_go.jpg, https://img01.suumo.com/front/gazo/fr/bukken/108/100411215108/100411215108_co.jpg"
西武多摩川線 新小金井駅 2階建 築67年,東京都,三鷹市,53700.0,1DK,67,アパート,東京都三鷹市野崎３,2,26.44,0.0,53700.0,https://img01.suumo.com/front/gazo/fr/bukken/023/100417673023/100417673023_gw.jpg,"西武多摩川線/新小金井駅 歩26分, ＪＲ中央線/武蔵境駅 バス10分 (バス停)第二小学校前 歩2分, ＪＲ中央線/三鷹駅 バス13分 (バス停)第二小学校前 歩2分","https://img01.suumo.com/front/gazo/fr/bukken/023/100417673023/100417673023_go.jpg, https://img01.suumo.com/front/gazo/fr/bukken/023/100417673023/100417673023_co.jpg"
ジュネスミツトヨ　Ｂ,東京都,武蔵村,54000.0,3DK,37,アパート,東京都武蔵村山市三ツ藤３,2,47.86,4000.0,0.0,https://img01.suumo.com/front/gazo/fr/bukken/101/100419164101/100419164101_gw.jpg,"ＪＲ八高線/箱根ケ崎駅 歩36分, 都営バス/三ツ木交差点（JR中央線立川駅発 歩9分","https://img01.suumo.com/front/gazo/fr/bukken/101/100419164101/100419164101_go.jpg, https://img01.suumo.com/front/gazo/fr/bukken/101/100419164101/100419164101_co.jpg"
レジディア市谷砂土原 S,東京都,新宿区,900000.0,3LDK,18,マンション,東京都新宿区市谷砂土原町３,5,134.84,0.0,2700000.0,https://img01.suumo.com/front/gazo/fr/bukken/273/100421385273/100421385273_gw.jpg,"東京メトロ東西線/飯田橋駅 歩10分, 都営大江戸線/牛込神楽坂駅 歩6分, 東京メトロ有楽町線/市ケ谷駅 歩11分","https://img01.suumo.com/front/gazo/fr/bukken/273/100421385273/100421385273_go.jpg, https://img01.suumo.com/front/gazo/fr/bukken/273/100421385273/100421385273_co.jpg"
ＪＲ中央線 三鷹駅 2階建 築73年,東京都,三鷹市,97000.0,1K,73,アパート,東京都三鷹市上連雀５,2,34.8,3000.0,97000.0,https://img01.suumo.com/front/gazo/fr/bukken/909/100426525909/100426525909_gw.jpg,"ＪＲ中央線/三鷹駅 歩15分, ＪＲ中央線/武蔵境駅 歩14分","https://img01.suumo.com/front/gazo/fr/bukken/909/100426525909/100426525909_go.jpg, https://img01.suumo.com/front/gazo/fr/bukken/909/100426525909/100426525909_co.jpg"
中野町貸家,東京都,八王子市,108000.0,5K以上,33,一戸建て・その他,東京都八王子市中野町,2,106.03,0.0,108000.0,https://img01.suumo.com/front/gazo/fr/bukken/745/100426169745/100426169745_gw.jpg,"ＪＲ中央線/八王子駅 歩52分, 京王線/京王八王子駅 歩52分, ＪＲ中央線/西八王子駅 歩45分","https://img01.suumo.com/front/gazo/fr/bukken/745/100426169745/100426169745_go.jpg, https://img01.suumo.com/front/gazo/fr/bukken/745/100426169745/100426169745_co.jpg"
ＪＲ中央線 八王子駅 2階建 築36年,東京都,八王子市,46000.0,2DK,36,アパート,東京都八王子市川口町,2,36.0,2000.0,46000.0,https://img01.suumo.com/front/gazo/fr/bukken/975/100425049975/100425049975_gw.jpg,"ＪＲ中央線/八王子駅 バス21分 (バス停)唐松 歩3分, 京王線/京王八王子駅 バス21分 (バス停)唐松 歩3分, ＪＲ五日市線/武蔵五日市駅 バス30分 (バス停)桜株 歩4分","https://img01.suumo.com/front/gazo/fr/bukken/975/100425049975/100425049975_go.jpg, https://img01.suumo.com/front/gazo/fr/bukken/975/100425049975/100425049975_co.jpg"
川口コーポ,東京都,八王子市,46000.0,2DK,36,アパート,東京都八王子市川口町,2,36.0,2000.0,46000.0,https://img01.suumo.com/front/gazo/fr/bukken/468/100417751468/100417751468_gw.jpg,"ＪＲ中央線/西八王子駅 歩55分, ＪＲ五日市線/東秋留駅 歩79分, ＪＲ五日市線/秋川駅 歩76分","https://img01.suumo.com/front/gazo/fr/bukken/468/100417751468/100417751468_go.jpg, https://img01.suumo.com/front/gazo/fr/bukken/468/100417751468/100417751468_co.jpg"
コーポ八幡,東京都,三鷹市,51000.0,2K,53,アパート,東京都三鷹市野崎１,2,29.7,0.0,30000.0,https://img01.suumo.com/front/gazo/fr/bukken/553/100362895553/100362895553_gw.jpg,ＪＲ中央線/三鷹駅 バス15分 (バス停)野崎 歩2分,"https://img01.suumo.com/front/gazo/fr/bukken/553/100362895553/100362895553_go.jpg, https://img01.suumo.com/front/gazo/fr/bukken/553/100362895553/100362895553_co.jpg"
戸部マンション,東京都,北区,55000.0,2K,76,マンション,東京都北区神谷２,4,26.4,2000.0,55000.0,https://img01.suumo.com/front/gazo/fr/bukken/392/100420499392/100420499392_gw.jpg,"ＪＲ京浜東北線/赤羽駅 歩12分, ＪＲ京浜東北線/東十条駅 歩13分","https://img01.suumo.com/front/gazo/fr/bukken/392/100420499392/100420499392_go.jpg, https://img01.suumo.com/front/gazo/fr/bukken/392/100420499392/100420499392_co.jpg"
都営新宿線 船堀駅 2階建 築59年,東京都,江戸川区,396000.0,3DK,59,一戸建て・その他,東京都江戸川区東小松川１,2,189.0,0.0,1584000.0,https://img01.suumo.com/front/gazo/fr/bukken/088/100426226088/100426226088_gw.jpg,"都営新宿線/船堀駅 歩29分, ＪＲ総武線/新小岩駅 歩31分","https://img01.suumo.com/front/gazo/fr/bukken/088/100426226088/100426226088_go.jpg, https://img01.suumo.com/front/gazo/fr/bukken/088/100426226088/100426226088_co.jpg"
コーポコバリ,東京都,八王子市,30000.0,ワンルーム,39,アパート,東京都八王子市中野町,2,18.0,2000.0,0.0,https://img01.suumo.com/front/gazo/fr/bukken/174/100424887174/100424887174_gw.jpg,"ＪＲ中央線/八王子駅 歩50分, 京王線/京王八王子駅 歩53分, ＪＲ中央線/西八王子駅 歩42分","https://img01.suumo.com/front/gazo/fr/bukken/174/100424887174/100424887174_go.jpg, https://img01.suumo.com/front/gazo/fr/bukken/174/100424887174/100424887174_co.jpg"
サンライズ北原,東京都,八王子市,37000.0,1K,44,マンション,東京都八王子市谷野町,3,19.87,0.0,37000.0,https://img01.suumo.com/front/gazo/fr/bukken/375/100399167375/100399167375_gw.jpg,"ＪＲ中央線/八王子駅 バス20分 (バス停)谷野町 歩10分, 京王線/京王八王子駅 バス20分 (バス停)工学院大学 歩5分","https://img01.suumo.com/front/gazo/fr/bukken/375/100399167375/100399167375_go.jpg, https://img01.suumo.com/front/gazo/fr/bukken/375/100399167375/100399167375_co.jpg"
ＪＲ中央線 高尾駅 2階建 築29年,東京都,八王子市,55000.0,3DK,29,アパート,東京都八王子市西寺方町,2,50.0,3000.0,0.0,https://img01.suumo.com/front/gazo/fr/bukken/218/100396616218/100396616218_gw.jpg,"ＪＲ中央線/高尾駅 歩60分, 京王高尾線/高尾駅 歩60分","https://img01.suumo.com/front/gazo/fr/bukken/218/100396616218/100396616218_go.jpg, https://img01.suumo.com/front/gazo/fr/bukken/218/100396616218/100396616218_co.jpg"
高橋コーポ,東京都,江戸川区,63000.0,2DK,58,アパート,東京都江戸川区松本１,2,32.56,0.0,63000.0,https://img01.suumo.com/front/gazo/fr/bukken/605/100343618605/100343618605_gw.jpg,ＪＲ総武線/新小岩駅 歩23分,"https://img01.suumo.com/front/gazo/fr/bukken/605/100343618605/100343618605_go.jpg, https://img01.suumo.com/front/gazo/fr/bukken/605/100343618605/100343618605_co.jpg"
ＪＲ総武線 小岩駅 2階建 築63年,東京都,江戸川区,95000.0,5K以上,63,一戸建て・その他,東京都江戸川区興宮町,2,80.14,0.0,95000.0,https://img01.suumo.com/front/gazo/fr/bukken/939/100426836939/100426836939_gw.jpg,"ＪＲ総武線/小岩駅 歩22分, ＪＲ総武線/新小岩駅 歩28分, 京成本線/京成小岩駅 歩38分","https://img01.suumo.com/front/gazo/fr/bukken/939/100426836939/100426836939_go.jpg, https://img01.suumo.com/front/gazo/fr/bukken/939/100426836939/100426836939_co.jpg"
アプラムラピュタ,東京都,調布市,80000.0,2DK,46,アパート,東京都調布市深大寺北町６,2,40.92,2000.0,80000.0,https://img01.suumo.com/front/gazo/fr/bukken/909/100405787909/100405787909_gw.jpg,"西武多摩川線/新小金井駅 歩44分, 西武多摩川線/武蔵境駅 歩38分, 西武多摩川線/多磨駅 歩39分","https://img01.suumo.com/front/gazo/fr/bukken/909/100405787909/100405787909_go.jpg, https://img01.suumo.com/front/gazo/fr/bukken/909/100405787909/100405787909_co.jpg"
クリーンハイツ,東京都,杉並区,90000.0,2K,70,マンション,東京都杉並区本天沼１,4,42.48,2000.0,90000.0,https://img01.suumo.com/front/gazo/fr/bukken/965/100374727965/100374727965_gw.jpg,"西武新宿線/下井草駅 歩15分, ＪＲ中央線/阿佐ケ谷駅 歩20分, 西武新宿線/鷺ノ宮駅 歩19分","https://img01.suumo.com/front/gazo/fr/bukken/965/100374727965/100374727965_go.jpg, https://img01.suumo.com/front/gazo/fr/bukken/965/100374727965/100374727965_co.jpg"
エントピア立川,東京都,八王子市,27000.0,1K,36,マンション,東京都八王子市宇津木町,3,17.41,2000.0,0.0,https://img01.suumo.com/front/gazo/fr/bukken/261/100422600261/100422600261_gw.jpg,"ＪＲ八高線/八王子駅 歩52分, ＪＲ八高線/小宮駅 歩27分, ＪＲ八高線/北八王子駅 歩27分","https://img01.suumo.com/front/gazo/fr/bukken/261/100422600261/100422600261_go.jpg, https://img01.suumo.com/front/gazo/fr/bukken/261/100422600261/100422600261_co.jpg"
第一吉野荘,東京都,三鷹市,53700.0,1DK,67,アパート,東京都三鷹市野崎３,2,25.61,0.0,53700.0,https://img01.suumo.com/front/gazo/fr/bukken/402/100380275402/100380275402_gw.jpg,"ＪＲ中央線/武蔵境駅 バス18分 (バス停)吉野南 歩4分, ＪＲ中央線/三鷹駅 バス15分 (バス停)京王ストア前 歩8分, 京王線/調布駅 バス23分 (バス停)大沢 歩6分","https://img01.suumo.com/front/gazo/fr/bukken/402/100380275402/100380275402_go.jpg, https://img01.suumo.com/front/gazo/fr/bukken/402/100380275402/100380275402_co.jpg"
大木荘,東京都,八王子市,35000.0,2DK,62,アパート,東京都八王子市宇津木町,2,33.57,2000.0,35000.0,https://img01.suumo.com/front/gazo/fr/bukken/726/100417804726/100417804726_gw.jpg,"ＪＲ中央線/八王子駅 バス20分 (バス停)左入 歩6分, ＪＲ八高線/小宮駅 歩31分, ＪＲ八高線/北八王子駅 歩31分","https://img01.suumo.com/front/gazo/fr/bukken/726/100417804726/100417804726_go.jpg, https://img01.suumo.com/front/gazo/fr/bukken/726/100417804726/100417804726_co.jpg"
石垣アパート,東京都,杉並区,40000.0,2K,72,アパート,東京都杉並区成田東２,2,24.0,0.0,40000.0,https://img01.suumo.com/front/gazo/fr/bukken/147/100384414147/100384414147_gw.jpg,"東京メトロ丸ノ内線/南阿佐ケ谷駅 歩17分, 京王井の頭線/浜田山駅 歩18分, 東京メトロ丸ノ内線/新高円寺駅 歩21分","https://img01.suumo.com/front/gazo/fr/bukken/147/100384414147/100384414147_go.jpg, https://img01.suumo.com/front/gazo/fr/bukken/147/100384414147/100384414147_co.jpg"
ビレッジハウス郷地7号棟,東京都,昭島市,46000.0,2K,58,マンション,東京都昭島市郷地町３,4,28.98,0.0,0.0,https://img01.suumo.com/front/gazo/fr/bukken/925/100426450925/100426450925_gw.jpg,"ＪＲ青梅線/西立川駅 歩27分, ＪＲ青梅線/東中神駅 歩21分, ＪＲ青梅線/中神駅 歩28分","https://img01.suumo.com/front/gazo/fr/bukken/925/100426450925/100426450925_go.jpg, https://img01.suumo.com/front/gazo/fr/bukken/925/100426450925/100426450925_co.jpg"
ビレッジハウス郷地9号棟,東京都,昭島市,54000.0,2K,58,マンション,東京都昭島市郷地町３,4,28.98,0.0,0.0,https://img01.suumo.com/front/gazo/fr/bukken/795/100418587795/100418587795_gw.jpg,"ＪＲ青梅線/西立川駅 歩27分, ＪＲ青梅線/東中神駅 バス18分 (バス停)昭島団地入口 歩8分","https://img01.suumo.com/front/gazo/fr/bukken/795/100418587795/100418587795_go.jpg, https://img01.suumo.com/front/gazo/fr/bukken/795/100418587795/100418587795_co.jpg"
コーポオマタ,東京都,三鷹市,51000.0,1K,50,アパート,東京都三鷹市下連雀８,2,16.0,2000.0,51000.0,https://img01.suumo.com/front/gazo/fr/bukken/708/100379415708/100379415708_gw.jpg,ＪＲ総武線/三鷹駅 歩30分,"https://img01.suumo.com/front/gazo/fr/bukken/930/100413356930/100413356930_ro.jpg, https://img01.suumo.com/front/gazo/fr/bukken/930/100413356930/100413356930_1o.jpg"
コーポ石本,東京都,中野区,63000.0,1DK,77,アパート,東京都中野区中野１,2,21.0,2000.0,63000.0,https://img01.suumo.com/front/gazo/fr/bukken/765/100398959765/100398959765_gw.jpg,"ＪＲ中央線/中野駅 歩11分, ＪＲ中央線/東中野駅 歩11分, 東京メトロ丸ノ内線/新中野駅 歩15分","https://img01.suumo.com/front/gazo/fr/bukken/765/100398959765/100398959765_ro.jpg, https://img01.suumo.com/front/gazo/fr/bukken/765/100398959765/100398959765_co.jpg"
ＪＲ中央線 中野駅 2階建 築77年,東京都,中野区,63000.0,1DK,77,アパート,東京都中野区中野１,2,21.0,2000.0,63000.0,https://img01.suumo.com/front/gazo/fr/bukken/214/100424543214/100424543214_gw.jpg,"ＪＲ中央線/中野駅 歩11分, ＪＲ中央線/東中野駅 歩11分, 東京メトロ丸ノ内線/新中野駅 歩15分","https://img01.suumo.com/front/gazo/fr/bukken/214/100424543214/100424543214_go.jpg, https://img01.suumo.com/front/gazo/fr/bukken/214/100424543214/100424543214_co.jpg"
田原根ヶ布貸家,東京都,青梅市,100000.0,5K以上,55,一戸建て・その他,東京都青梅市根ヶ布２,2,98.41,0.0,100000.0,https://img01.suumo.com/front/gazo/fr/bukken/194/100420691194/100420691194_gw.jpg,ＪＲ青梅線/東青梅駅 歩25分,"https://img01.suumo.com/front/gazo/fr/bukken/194/100420691194/100420691194_go.jpg, https://img01.suumo.com/front/gazo/fr/bukken/194/100420691194/100420691194_co.jpg"
（仮称）大杉ひかり管理戸建,東京都,江戸川区,108000.0,3DK,53,一戸建て・その他,東京都江戸川区大杉１,2,64.21,0.0,108000.0,https://img01.suumo.com/front/gazo/fr/bukken/829/100425944829/100425944829_gw.jpg,"都営新宿線/一之江駅 歩33分, ＪＲ総武線快速/新小岩駅 歩32分, 都営新宿線/瑞江駅 歩38分","https://img01.suumo.com/front/gazo/fr/bukken/829/100425944829/100425944829_go.jpg, https://img01.suumo.com/front/gazo/fr/bukken/829/100425944829/100425944829_co.jpg"
京王井の頭線 三鷹台駅 2階建 築59年,東京都,三鷹市,65000.0,2LDK,59,一戸建て・その他,東京都三鷹市新川３,2,34.7,0.0,65000.0,https://img01.suumo.com/front/gazo/fr/bukken/234/100427046234/100427046234_gw.jpg,"京王井の頭線/三鷹台駅 歩27分, ＪＲ中央線/三鷹駅 バス13分 (バス停)南新川 歩2分, ＪＲ中央線/吉祥寺駅 バス13分 (バス停)南新川 歩2分","https://img01.suumo.com/front/gazo/fr/bukken/234/100427046234/100427046234_go.jpg, https://img01.suumo.com/front/gazo/fr/bukken/234/100427046234/100427046234_co.jpg"
フラットＫ,東京都,八王子市,28000.0,ワンルーム,31,アパート,東京都八王子市中野町,2,17.7,0.0,0.0,https://img01.suumo.com/front/gazo/fr/bukken/768/100419146768/100419146768_gw.jpg,"ＪＲ中央線/八王子駅 歩56分, 京王線/京王八王子駅 歩58分, ＪＲ中央線/西八王子駅 歩48分","https://img01.suumo.com/front/gazo/fr/bukken/773/100419146773/100419146773_go.jpg, https://img01.suumo.com/front/gazo/fr/bukken/773/100419146773/100419146773_co.jpg"
ＪＲ五日市線 秋川駅 2階建 新築,東京都,八王子市,158000.0,4LDK,0,一戸建て・その他,東京都八王子市川口町,2,96.88,0.0,158000.0,https://img01.suumo.com/front/gazo/fr/bukken/405/100415282405/100415282405_gw.jpg,"ＪＲ五日市線/秋川駅 歩85分, ＪＲ五日市線/東秋留駅 歩87分, ＪＲ五日市線/武蔵引田駅 歩95分","https://img01.suumo.com/front/gazo/fr/bukken/405/100415282405/100415282405_go.jpg, https://img01.suumo.com/front/gazo/fr/bukken/405/100415282405/100415282405_co.jpg"
ＪＲ横浜線 淵野辺駅 2階建 築38年,東京都,田市,36000.0,1K,38,アパート,東京都町田市野津田町,2,15.93,5000.0,0.0,https://img01.suumo.com/front/gazo/fr/bukken/289/100425422289/100425422289_gw.jpg,"ＪＲ横浜線/淵野辺駅 バス19分 (バス停)並木 歩1分, 小田急線/町田駅 バス23分 (バス停)並木 歩1分","https://img01.suumo.com/front/gazo/fr/bukken/289/100425422289/100425422289_go.jpg, https://img01.suumo.com/front/gazo/fr/bukken/289/100425422289/100425422289_co.jpg"
佐藤アパート,東京都,目黒区,48000.0,ワンルーム,82,アパート,東京都目黒区中根１,2,13.25,1000.0,0.0,https://img01.suumo.com/front/gazo/fr/bukken/385/100414606385/100414606385_gw.jpg,"東急東横線/都立大学駅 歩5分, 東急大井町線/自由が丘駅 歩13分, 東急目黒線/奥沢駅 歩17分","https://img01.suumo.com/front/gazo/fr/bukken/385/100414606385/100414606385_go.jpg, https://img01.suumo.com/front/gazo/fr/bukken/385/100414606385/100414606385_co.jpg"
久留米西,東京都,東久留米市,39100.0,3K,56,マンション,東京都東久留米市下里４,5,39.9,1700.0,78200.0,https://img01.suumo.com/front/gazo/fr/bukken/805/100393386805/100393386805_gw.jpg,"西武新宿線/小平駅 歩29分, 西武拝島線/萩山駅 歩41分, 西武新宿線/久米川駅 歩34分","https://img01.suumo.com/front/gazo/fr/bukken/805/100393386805/100393386805_go.jpg, https://img01.suumo.com/front/gazo/fr/bukken/805/100393386805/100393386805_co.jpg"
小川荘,東京都,三鷹市,39000.0,1K,54,アパート,東京都三鷹市大沢３,2,20.0,1000.0,39000.0,https://img01.suumo.com/front/gazo/fr/bukken/250/100389359250/100389359250_gw.jpg,ＪＲ中央線/武蔵境駅 歩35分,"https://img01.suumo.com/front/gazo/fr/bukken/250/100389359250/100389359250_go.jpg, https://img01.suumo.com/front/gazo/fr/bukken/250/100389359250/100389359250_co.jpg"
ＪＲ中央線 武蔵境駅 2階建 築54年,東京都,三鷹市,39000.0,1K,54,アパート,東京都三鷹市大沢３,2,20.0,1000.0,39000.0,https://img01.suumo.com/front/gazo/fr/bukken/768/100389608768/100389608768_gw.jpg,ＪＲ中央線/武蔵境駅 歩35分,"https://img01.suumo.com/front/gazo/fr/bukken/768/100389608768/100389608768_go.jpg, https://img01.suumo.com/front/gazo/fr/bukken/768/100389608768/100389608768_co.jpg"
栄荘,東京都,江戸川区,45000.0,1DK,62,アパート,東京都江戸川区大杉５,2,26.0,0.0,45000.0,https://img01.suumo.com/front/gazo/fr/bukken/102/100425587102/100425587102_gw.jpg,"ＪＲ総武線快速/新小岩駅 歩27分, 都営新宿線/一之江駅 歩33分","https://img01.suumo.com/front/gazo/fr/bukken/102/100425587102/100425587102_go.jpg, https://img01.suumo.com/front/gazo/fr/bukken/102/100425587102/100425587102_co.jpg"
ＪＲ青梅線 西立川駅 4階建 築58年,東京都,昭島市,54000.0,2K,58,マンション,東京都昭島市郷地町３,4,28.98,0.0,0.0,https://img01.suumo.com/front/gazo/fr/bukken/838/100418588838/100418588838_gw.jpg,"ＪＲ青梅線/西立川駅 歩27分, ＪＲ青梅線/東中神駅 バス18分 (バス停)昭島団地入口 歩8分","https://img01.suumo.com/front/gazo/fr/bukken/838/100418588838/100418588838_go.jpg, https://img01.suumo.com/front/gazo/fr/bukken/838/100418588838/100418588838_co.jpg"
ＪＲ中央線 吉祥寺駅 2階建 築59年,東京都,三鷹市,54000.0,1K,59,アパート,東京都三鷹市下連雀８,2,16.0,0.0,54000.0,https://img01.suumo.com/front/gazo/fr/bukken/850/100418016850/100418016850_gw.jpg,ＪＲ中央線/吉祥寺駅 バス10分 (バス停)新川 歩2分,"https://img01.suumo.com/front/gazo/fr/bukken/217/100379412217/100379412217_go.jpg, https://img01.suumo.com/front/gazo/fr/bukken/217/100379412217/100379412217_co.jpg"
ＪＲ京浜東北線 大森駅 2階建 築77年,東京都,大田区,55000.0,1K,77,アパート,東京都大田区大森北４,2,19.0,1000.0,55000.0,https://img01.suumo.com/front/gazo/fr/bukken/921/100360922921/100360922921_gw.jpg,"ＪＲ京浜東北線/大森駅 歩10分, 京急本線/平和島駅 歩16分, 京急本線/大森海岸駅 歩16分","https://img01.suumo.com/front/gazo/fr/bukken/921/100360922921/100360922921_go.jpg, https://img01.suumo.com/front/gazo/fr/bukken/921/100360922921/100360922921_co.jpg"
大日方荘,東京都,大田区,55000.0,1K,77,アパート,東京都大田区大森北４,2,19.0,1000.0,55000.0,https://img01.suumo.com/front/gazo/fr/bukken/992/100360919992/100360919992_gw.jpg,"ＪＲ京浜東北線/大森駅 歩10分, 京急本線/平和島駅 歩16分, 京急本線/大森海岸駅 歩16分","https://img01.suumo.com/front/gazo/fr/bukken/992/100360919992/100360919992_go.jpg, https://img01.suumo.com/front/gazo/fr/bukken/992/100360919992/100360919992_co.jpg"
第二ハイツ青山,東京都,練馬区,65000.0,2DK,34,アパート,東京都練馬区大泉学園町６,2,36.6,1000.0,65000.0,https://img01.suumo.com/front/gazo/fr/bukken/417/100420563417/100420563417_gw.jpg,"西武池袋線/大泉学園駅 バス14分 (バス停)天沼マーケットバス停前 歩1分, 西武池袋線/保谷駅 バス20分 (バス停)都民農園 歩5分, 東武東上線/和光市駅 車12分(4.1km)","https://img01.suumo.com/front/gazo/fr/bukken/417/100420563417/100420563417_go.jpg, https://img01.suumo.com/front/gazo/fr/bukken/417/100420563417/100420563417_co.jpg"
ビレッジハウス郷地2号棟 (304号室),東京都,昭島市,71000.0,3DK,58,マンション,東京都昭島市郷地町３,4,57.96,0.0,0.0,https://img01.suumo.com/front/gazo/fr/bukken/435/100424371435/100424371435_gw.jpg,"ＪＲ青梅線/西立川駅 歩28分, ＪＲ青梅線/東中神駅 バス18分 (バス停)昭島団地 歩6分","https://img01.suumo.com/front/gazo/fr/bukken/435/100424371435/100424371435_go.jpg, https://img01.suumo.com/front/gazo/fr/bukken/435/100424371435/100424371435_co.jpg"
ＵＲ百草,東京都,多摩市,67800.0,2LDK,56,マンション,東京都多摩市和田,5,56.49,4150.0,135600.0,https://img01.suumo.com/front/gazo/fr/bukken/129/100409150129/100409150129_gw.jpg,"京王線/高幡不動駅 歩32分, 京王線/聖蹟桜ヶ丘駅 バス14分 (バス停)百草団地 歩3分, 京王相模原線/京王多摩センター駅 バス9分 (バス停)百草団地南 歩7分","https://img01.suumo.com/front/gazo/fr/bukken/828/100411013828/100411013828_go.jpg, https://img01.suumo.com/front/gazo/fr/bukken/828/100411013828/100411013828_co.jpg"
ＵＲ百草,東京都,多摩市,67800.0,2LDK,56,マンション,東京都多摩市和田,5,56.49,4150.0,135600.0,https://img01.suumo.com/front/gazo/fr/bukken/707/100414311707/100414311707_gw.jpg,"京王線/高幡不動駅 歩32分, 京王線/聖蹟桜ヶ丘駅 バス14分 (バス停)百草団地 歩2分, 京王相模原線/京王多摩センター駅 バス9分 (バス停)百草団地南 歩4分","https://img01.suumo.com/front/gazo/fr/bukken/707/100414311707/100414311707_go.jpg, https://img01.suumo.com/front/gazo/fr/bukken/707/100414311707/100414311707_co.jpg"
メゾンマツヤ,東京都,武蔵村,69500.0,4K,33,アパート,東京都武蔵村山市三ツ木１,3,65.44,4000.0,0.0,https://img01.suumo.com/front/gazo/fr/bukken/429/100423623429/100423623429_gw.jpg,"ＪＲ中央線/立川駅 バス25分 (バス停)長円寺 歩2分, 多摩都市モノレール/上北台駅 歩47分, 西武拝島線/西武立川駅 歩49分","https://img01.suumo.com/front/gazo/fr/bukken/429/100423623429/100423623429_go.jpg, https://img01.suumo.com/front/gazo/fr/bukken/429/100423623429/100423623429_co.jpg"
ＪＲ中央線 立川駅 3階建 築33年,東京都,武蔵村,69500.0,4K,33,アパート,東京都武蔵村山市三ツ木１,3,65.44,4000.0,0.0,https://img01.suumo.com/front/gazo/fr/bukken/195/100423607195/100423607195_gw.jpg,ＪＲ中央線/立川駅 バス25分 (バス停)長円寺 歩2分,"https://img01.suumo.com/front/gazo/fr/bukken/195/100423607195/100423607195_go.jpg, https://img01.suumo.com/front/gazo/fr/bukken/195/100423607195/100423607195_co.jpg"
コーポ山本,東京都,世田谷区,75000.0,1DK,48,アパート,東京都世田谷区千歳台２,2,33.0,0.0,75000.0,https://img01.suumo.com/front/gazo/fr/bukken/797/100400449797/100400449797_gw.jpg,"小田急線/祖師ヶ谷大蔵駅 歩14分, 小田急線/千歳船橋駅 歩23分, 小田急線/成城学園前駅 歩27分","https://img01.suumo.com/front/gazo/fr/bukken/797/100400449797/100400449797_go.jpg, https://img01.suumo.com/front/gazo/fr/bukken/797/100400449797/100400449797_co.jpg"
ＪＲ中央線 阿佐ケ谷駅 4階建 築70年,東京都,杉並区,90000.0,2K,70,マンション,東京都杉並区本天沼１,4,42.48,2000.0,90000.0,https://img01.suumo.com/front/gazo/fr/bukken/579/100421919579/100421919579_gw.jpg,"ＪＲ中央線/阿佐ケ谷駅 歩16分, ＪＲ総武線/阿佐ケ谷駅 歩16分, 西武新宿線/鷺ノ宮駅 歩19分","https://img01.suumo.com/front/gazo/fr/bukken/579/100421919579/100421919579_go.jpg, https://img01.suumo.com/front/gazo/fr/bukken/579/100421919579/100421919579_co.jpg"
本木１丁目神谷戸建２,東京都,足立区,105000.0,2LDK,66,一戸建て・その他,東京都足立区本木１,2,63.35,0.0,105000.0,https://img01.suumo.com/front/gazo/fr/bukken/884/100424572884/100424572884_gw.jpg,"日暮里・舎人ライナー/扇大橋駅 歩20分, ＪＲ常磐線/北千住駅 バス17分 (バス停)いずみ記念病院前(東武バス) 歩3分, 東武伊勢崎線/梅島駅 歩27分","https://img01.suumo.com/front/gazo/fr/bukken/884/100424572884/100424572884_go.jpg, https://img01.suumo.com/front/gazo/fr/bukken/884/100424572884/100424572884_co.jpg"
日暮里・舎人ライナー 扇大橋駅 2階建 築66年,東京都,足立区,105000.0,2LDK,66,一戸建て・その他,東京都足立区本木１,2,63.35,0.0,105000.0,https://img01.suumo.com/front/gazo/fr/bukken/042/100418480042/100418480042_gw.jpg,"日暮里・舎人ライナー/扇大橋駅 歩20分, ＪＲ常磐線/北千住駅 バス12分 (バス停)いずみ記念病院前(東武バス) 歩3分","https://img01.suumo.com/front/gazo/fr/bukken/042/100418480042/100418480042_go.jpg, https://img01.suumo.com/front/gazo/fr/bukken/042/100418480042/100418480042_co.jpg"
本木１丁目神谷戸建２１,東京都,足立区,105000.0,2LDK,66,一戸建て・その他,東京都足立区本木１,2,63.35,0.0,105000.0,https://img01.suumo.com/front/gazo/fr/bukken/300/100426299300/100426299300_gw.jpg,"日暮里・舎人ライナー/扇大橋駅 歩20分, 日暮里・舎人ライナー/高野駅 歩23分, 日暮里・舎人ライナー/足立小台駅 歩27分","https://img01.suumo.com/front/gazo/fr/bukken/300/100426299300/100426299300_go.jpg, https://img01.suumo.com/front/gazo/fr/bukken/300/100426299300/100426299300_co.jpg"
日暮里・舎人ライナー 扇大橋駅 2階建 築66年,東京都,足立区,105000.0,2LDK,66,一戸建て・その他,東京都足立区本木１,2,63.35,0.0,105000.0,https://img01.suumo.com/front/gazo/fr/bukken/279/100426348279/100426348279_gw.jpg,"日暮里・舎人ライナー/扇大橋駅 歩20分, 日暮里・舎人ライナー/高野駅 歩23分, 日暮里・舎人ライナー/足立小台駅 歩27分","https://img01.suumo.com/front/gazo/fr/bukken/279/100426348279/100426348279_go.jpg, https://img01.suumo.com/front/gazo/fr/bukken/279/100426348279/100426348279_co.jpg"
クラウンビル,東京都,三鷹市,114800.0,2LDK,46,マンション,東京都三鷹市野崎２,6,56.0,0.0,114800.0,https://img01.suumo.com/front/gazo/fr/bukken/965/100410271965/100410271965_gw.jpg,"ＪＲ中央線/三鷹駅 歩42分, ＪＲ中央線/武蔵境駅 歩33分, ＪＲ中央線/吉祥寺駅 歩61分","https://img01.suumo.com/front/gazo/fr/bukken/179/100410115179/100410115179_go.jpg, https://img01.suumo.com/front/gazo/fr/bukken/179/100410115179/100410115179_co.jpg"
Ｓｕｎｌｉｔ　Ｂｒｏｏｋ,東京都,世田谷区,123000.0,2LDK,17,アパート,東京都世田谷区宇奈根１,2,58.48,3300.0,0.0,https://img01.suumo.com/front/gazo/fr/bukken/657/100425330657/100425330657_gw.jpg,東急田園都市線/二子玉川駅 バス13分 (バス停)鎌田 歩10分,"https://img01.suumo.com/front/gazo/fr/bukken/657/100425330657/100425330657_go.jpg, https://img01.suumo.com/front/gazo/fr/bukken/657/100425330657/100425330657_co.jpg"
りせ・せきぐち,東京都,江東区,140000.0,2LDK,24,マンション,東京都江東区南砂５,11,66.87,6000.0,140000.0,https://img01.suumo.com/front/gazo/fr/bukken/734/100424713734/100424713734_gw.jpg,東京メトロ東西線/南砂町駅 歩13分,"https://img01.suumo.com/front/gazo/fr/bukken/734/100424713734/100424713734_go.jpg, https://img01.suumo.com/front/gazo/fr/bukken/734/100424713734/100424713734_co.jpg"
ＪＲ総武線 新小岩駅 2階建 築67年,東京都,江戸川区,25000.0,ワンルーム,67,アパート,東京都江戸川区中央１,2,10.0,0.0,0.0,https://img01.suumo.com/front/gazo/fr/bukken/241/100387357241/100387357241_gw.jpg,ＪＲ総武線/新小岩駅 歩21分,"https://img01.suumo.com/front/gazo/fr/bukken/241/100387357241/100387357241_go.jpg, https://img01.suumo.com/front/gazo/fr/bukken/241/100387357241/100387357241_co.jpg"
第一藤荘,東京都,江戸川区,25000.0,ワンルーム,67,アパート,東京都江戸川区中央１,2,10.0,0.0,0.0,https://img01.suumo.com/front/gazo/fr/bukken/629/100387366629/100387366629_gw.jpg,ＪＲ総武線/新小岩駅 歩21分,"https://img01.suumo.com/front/gazo/fr/bukken/629/100387366629/100387366629_go.jpg, https://img01.suumo.com/front/gazo/fr/bukken/629/100387366629/100387366629_co.jpg"
南野ハイツＥ号棟,東京都,多摩市,26000.0,1K,51,マンション,東京都多摩市南野２,2,15.31,2000.0,0.0,https://img01.suumo.com/front/gazo/fr/bukken/698/100425755698/100425755698_gw.jpg,"京王相模原線/京王多摩センター駅 バス12分 (バス停)恵泉女学園大学入口 歩6分, 小田急多摩線/小田急多摩センター駅 バス12分 (バス停)恵泉女学園大学入口 歩6分, 多摩都市モノレール/多摩センター駅 バス12分 (バス停)恵泉女学園大学入口 歩6分","https://img01.suumo.com/front/gazo/fr/bukken/698/100425755698/100425755698_go.jpg, https://img01.suumo.com/front/gazo/fr/bukken/698/100425755698/100425755698_co.jpg"
弥生コーポ,東京都,田市,26000.0,1K,52,アパート,東京都町田市玉川学園４,2,22.3,2000.0,0.0,https://img01.suumo.com/front/gazo/fr/bukken/965/100384839965/100384839965_gw.jpg,"小田急線/玉川学園前駅 歩15分, 小田急線/町田駅 バス11分 (バス停)市立博物館前 歩3分","https://img01.suumo.com/front/gazo/fr/bukken/965/100384839965/100384839965_go.jpg, https://img01.suumo.com/front/gazo/fr/bukken/965/100384839965/100384839965_co.jpg"
大泉学園町７丁目戸建,東京都,練馬区,200000.0,5K以上,62,一戸建て・その他,東京都練馬区大泉学園町７,2,151.53,0.0,400000.0,https://img01.suumo.com/front/gazo/fr/bukken/056/100419040056/100419040056_gw.jpg,西武池袋線/大泉学園駅 バス17分 (バス停)天沼マーケット前 歩3分,"https://img01.suumo.com/front/gazo/fr/bukken/056/100419040056/100419040056_go.jpg, https://img01.suumo.com/front/gazo/fr/bukken/056/100419040056/100419040056_co.jpg"
ＪＲ五日市線 秋川駅 2階建 新築,東京都,八王子市,158000.0,3LDK,0,一戸建て・その他,東京都八王子市川口町,2,96.47,0.0,158000.0,https://img01.suumo.com/front/gazo/fr/bukken/917/100415282917/100415282917_gw.jpg,"ＪＲ五日市線/秋川駅 歩85分, ＪＲ五日市線/東秋留駅 歩87分, ＪＲ五日市線/武蔵引田駅 歩95分","https://img01.suumo.com/front/gazo/fr/bukken/917/100415282917/100415282917_go.jpg, https://img01.suumo.com/front/gazo/fr/bukken/917/100415282917/100415282917_co.jpg"
オ－クハウス,東京都,八王子市,32000.0,2K,42,アパート,東京都八王子市楢原町,2,22.35,0.0,32000.0,https://img01.suumo.com/front/gazo/fr/bukken/697/100279346697/100279346697_gw.jpg,"ＪＲ中央線/西八王子駅 歩45分, 京王高尾線/山田駅 歩64分, 京王高尾線/めじろ台駅 歩68分","https://img01.suumo.com/front/gazo/fr/bukken/697/100279346697/100279346697_go.jpg, https://img01.suumo.com/front/gazo/fr/bukken/697/100279346697/100279346697_co.jpg"
JKK東京　高ケ坂住宅,東京都,田市,38400.0,2K,63,マンション,東京都町田市高ヶ坂３,5,32.85,1400.0,7700.0,https://img01.suumo.com/front/gazo/fr/bukken/924/100419658924/100419658924_gw.jpg,"小田急線/町田駅 歩24分, ＪＲ横浜線/町田駅 歩24分, ＪＲ横浜線/町田駅 バス9分 (バス停)高ヶ坂団地 歩4分","https://img01.suumo.com/front/gazo/fr/bukken/924/100419658924/100419658924_go.jpg, https://img01.suumo.com/front/gazo/fr/bukken/924/100419658924/100419658924_co.jpg"
西武池袋線 清瀬駅 2階建 築41年,東京都,清瀬市,40000.0,1K,41,アパート,東京都清瀬市旭が丘２,2,23.0,2000.0,40000.0,https://img01.suumo.com/front/gazo/fr/bukken/557/100377861557/100377861557_gw.jpg,"西武池袋線/清瀬駅 バス10分 (バス停)旭が丘2丁目 歩1分, ＪＲ武蔵野線/東所沢駅 車15分(4.5km), 西武池袋線/東久留米駅 車15分(4.8km)","https://img01.suumo.com/front/gazo/fr/bukken/557/100377861557/100377861557_go.jpg, https://img01.suumo.com/front/gazo/fr/bukken/557/100377861557/100377861557_co.jpg"
西武新宿線 田無駅 11階建 築52年,東京都,西東京市,75000.0,2DK,52,マンション,東京都西東京市向台町４,11,40.38,0.0,0.0,https://img01.suumo.com/front/gazo/fr/bukken/040/100427118040/100427118040_gw.jpg,西武新宿線/田無駅 歩25分,"https://img01.suumo.com/front/gazo/fr/bukken/278/100427119278/100427119278_go.jpg, https://img01.suumo.com/front/gazo/fr/bukken/278/100427119278/100427119278_co.jpg"
ＪＲ青梅線 東中神駅 4階建 築58年,東京都,昭島市,46000.0,2K,58,マンション,東京都昭島市郷地町３,4,28.98,0.0,0.0,https://img01.suumo.com/front/gazo/fr/bukken/396/100426097396/100426097396_gw.jpg,"ＪＲ青梅線/東中神駅 歩17分, ＪＲ青梅線/西立川駅 歩22分, ＪＲ青梅線/中神駅 歩24分","https://img01.suumo.com/front/gazo/fr/bukken/098/100426245098/100426245098_go.jpg, https://img01.suumo.com/front/gazo/fr/bukken/098/100426245098/100426245098_co.jpg"
西台2丁目貸家（平屋）,東京都,板橋区,50000.0,2K,64,一戸建て・その他,東京都板橋区西台２,0,28.09,0.0,0.0,https://img01.suumo.com/front/gazo/fr/bukken/462/100427053462/100427053462_gw.jpg,"東武東上線/東武練馬駅 歩20分, 都営三田線/西台駅 歩19分, 都営三田線/蓮根駅 歩22分","https://img01.suumo.com/front/gazo/fr/bukken/462/100427053462/100427053462_go.jpg, https://img01.suumo.com/front/gazo/fr/bukken/462/100427053462/100427053462_co.jpg"
御岳貸家,東京都,青梅市,58000.0,4DK,65,一戸建て・その他,東京都青梅市御岳２,0,89.51,0.0,0.0,https://img01.suumo.com/front/gazo/fr/bukken/924/100413478924/100413478924_gw.jpg,ＪＲ青梅線/御嶽駅 歩20分,"https://img01.suumo.com/front/gazo/fr/bukken/924/100413478924/100413478924_go.jpg, https://img01.suumo.com/front/gazo/fr/bukken/924/100413478924/100413478924_co.jpg"
ピア中野,東京都,中野区,58000.0,1K,78,アパート,東京都中野区新井２,2,17.0,0.0,58000.0,https://img01.suumo.com/front/gazo/fr/bukken/344/100249639344/100249639344_gw.jpg,"ＪＲ総武線/中野駅 歩10分, 西武新宿線/沼袋駅 歩13分, 西武新宿線/新井薬師前駅 歩14分","https://img01.suumo.com/front/gazo/fr/bukken/344/100249639344/100249639344_go.jpg, https://img01.suumo.com/front/gazo/fr/bukken/344/100249639344/100249639344_co.jpg"
都営新宿線 一之江駅 4階建 築60年,東京都,江戸川区,59000.0,2DK,60,マンション,東京都江戸川区松江２,4,32.23,0.0,59000.0,https://img01.suumo.com/front/gazo/fr/bukken/498/100410154498/100410154498_gw.jpg,"都営新宿線/一之江駅 歩25分, 都営新宿線/船堀駅 歩28分","https://img01.suumo.com/front/gazo/fr/bukken/498/100410154498/100410154498_go.jpg, https://img01.suumo.com/front/gazo/fr/bukken/498/100410154498/100410154498_co.jpg"
ＪＲ青梅線 西立川駅 4階建 築58年,東京都,昭島市,71000.0,3DK,58,マンション,東京都昭島市郷地町３,4,57.96,0.0,0.0,https://img01.suumo.com/front/gazo/fr/bukken/238/100414838238/100414838238_gw.jpg,"ＪＲ青梅線/西立川駅 歩28分, ＪＲ青梅線/東中神駅 バス18分 (バス停)昭島団地 歩6分, ＪＲ青梅線/中神駅 歩22分","https://img01.suumo.com/front/gazo/fr/bukken/119/100424705119/100424705119_go.jpg, https://img01.suumo.com/front/gazo/fr/bukken/119/100424705119/100424705119_co.jpg"
東京都練馬区大泉町3丁目貸家,東京都,練馬区,110000.0,3DK,59,一戸建て・その他,東京都練馬区大泉町３,2,62.93,0.0,110000.0,https://img01.suumo.com/front/gazo/fr/bukken/240/100421942240/100421942240_gw.jpg,"東武東上線/和光市駅 バス15分 (バス停)二軒新田集会所入口 歩6分, 都営大江戸線/光が丘駅 バス17分 (バス停)大泉町三丁目 歩5分, 西武池袋線/大泉学園駅 車12分(4.0km)","https://img01.suumo.com/front/gazo/fr/bukken/240/100421942240/100421942240_1o.jpg, https://img01.suumo.com/front/gazo/fr/bukken/240/100421942240/100421942240_co.jpg"
尾久ハイム,東京都,荒川区,120000.0,2LDK,62,アパート,東京都荒川区東尾久８,2,70.24,0.0,120000.0,https://img01.suumo.com/front/gazo/fr/bukken/913/100427311913/100427311913_gw.jpg,"東京メトロ千代田線/町屋駅 歩22分, 都電荒川線/熊野前駅 歩7分, ＪＲ高崎線/尾久駅 歩22分","https://img01.suumo.com/front/gazo/fr/bukken/913/100427311913/100427311913_go.jpg, https://img01.suumo.com/front/gazo/fr/bukken/913/100427311913/100427311913_co.jpg"
ユアーズ３,東京都,足立区,52000.0,1K,62,アパート,東京都足立区新田１,2,24.89,1000.0,0.0,https://img01.suumo.com/front/gazo/fr/bukken/442/100402685442/100402685442_gw.jpg,"東京メトロ南北線/王子神谷駅 歩15分, ＪＲ京浜東北線/王子駅 バス10分 (バス停)新田１丁目 歩3分, 東京メトロ南北線/志茂駅 歩20分","https://img01.suumo.com/front/gazo/fr/bukken/442/100402685442/100402685442_go.jpg, https://img01.suumo.com/front/gazo/fr/bukken/442/100402685442/100402685442_co.jpg"
東京メトロ南北線 王子神谷駅 2階建 築62年,東京都,足立区,64000.0,1K,62,アパート,東京都足立区新田１,2,24.89,1000.0,0.0,https://img01.suumo.com/front/gazo/fr/bukken/076/100410645076/100410645076_gw.jpg,"東京メトロ南北線/王子神谷駅 歩21分, 東京メトロ南北線/志茂駅 歩27分, ＪＲ京浜東北線/東十条駅 歩30分","https://img01.suumo.com/front/gazo/fr/bukken/076/100410645076/100410645076_go.jpg, https://img01.suumo.com/front/gazo/fr/bukken/076/100410645076/100410645076_co.jpg"
西宮ビル,東京都,台東区,62000.0,1K,53,マンション,東京都台東区千束４,4,18.0,3000.0,62000.0,https://img01.suumo.com/front/gazo/fr/bukken/831/100414926831/100414926831_gw.jpg,"東京メトロ日比谷線/三ノ輪駅 歩10分, 東京メトロ日比谷線/入谷駅 歩13分, つくばエクスプレス/浅草駅 歩15分","https://img01.suumo.com/front/gazo/fr/bukken/554/100393774554/100393774554_go.jpg, https://img01.suumo.com/front/gazo/fr/bukken/554/100393774554/100393774554_co.jpg"
ＵＲ百草,東京都,多摩市,61200.0,2LDK,56,マンション,東京都多摩市和田,5,50.88,4150.0,122400.0,https://img01.suumo.com/front/gazo/fr/bukken/844/100427040844/100427040844_gw.jpg,"京王線/高幡不動駅 歩28分, 京王線/聖蹟桜ヶ丘駅 バス14分 (バス停)百草団地 歩3分, 京王相模原線/京王多摩センター駅 バス9分 (バス停)百草団地南 歩5分","https://img01.suumo.com/front/gazo/fr/bukken/844/100427040844/100427040844_go.jpg, https://img01.suumo.com/front/gazo/fr/bukken/844/100427040844/100427040844_co.jpg"
東京メトロ日比谷線 入谷駅 2階建 築74年,東京都,台東区,70000.0,2K,74,アパート,東京都台東区根岸４,2,30.0,0.0,0.0,https://img01.suumo.com/front/gazo/fr/bukken/594/100425300594/100425300594_gw.jpg,"東京メトロ日比谷線/入谷駅 歩10分, ＪＲ山手線/鶯谷駅 歩10分, 東京メトロ日比谷線/三ノ輪駅 歩13分","https://img01.suumo.com/front/gazo/fr/bukken/594/100425300594/100425300594_go.jpg, https://img01.suumo.com/front/gazo/fr/bukken/594/100425300594/100425300594_co.jpg"
ＪＲ八高線 東福生駅 2階建 築14年,東京都,武蔵村,67000.0,2LDK,14,アパート,東京都武蔵村山市中原４,2,54.08,3300.0,0.0,https://img01.suumo.com/front/gazo/fr/bukken/685/100409886685/100409886685_gw.jpg,"ＪＲ八高線/東福生駅 歩73分, ＪＲ八高線/箱根ケ崎駅 歩39分, 西武拝島線/西武立川駅 歩50分","https://img01.suumo.com/front/gazo/fr/bukken/685/100409886685/100409886685_go.jpg, https://img01.suumo.com/front/gazo/fr/bukken/685/100409886685/100409886685_co.jpg"
ジュネス中原　I,東京都,武蔵村,67000.0,2LDK,14,アパート,東京都武蔵村山市中原４,2,54.08,3300.0,0.0,https://img01.suumo.com/front/gazo/fr/bukken/774/100402437774/100402437774_gw.jpg,"西武拝島線/西武立川駅 バス11分 (バス停)富士塚 歩4分, ＪＲ青梅線/昭島駅 バス18分 (バス停)富士塚 歩4分, ＪＲ八高線/東福生駅 歩73分","https://img01.suumo.com/front/gazo/fr/bukken/774/100402437774/100402437774_go.jpg, https://img01.suumo.com/front/gazo/fr/bukken/774/100402437774/100402437774_co.jpg"
ハイツハギワラ,東京都,世田谷区,85000.0,1DK,56,アパート,東京都世田谷区下馬６,2,24.89,0.0,85000.0,https://img01.suumo.com/front/gazo/fr/bukken/457/100393915457/100393915457_gw.jpg,"東急東横線/学芸大学駅 歩6分, 東急東横線/祐天寺駅 歩16分, 東急東横線/都立大学駅 歩22分","https://img01.suumo.com/front/gazo/fr/bukken/970/100423120970/100423120970_go.jpg, https://img01.suumo.com/front/gazo/fr/bukken/970/100423120970/100423120970_co.jpg"
足立区小台2丁目戸建て,東京都,足立区,88000.0,1DK,70,一戸建て・その他,東京都足立区小台２,2,40.0,0.0,88000.0,https://img01.suumo.com/front/gazo/fr/bukken/083/100405862083/100405862083_gw.jpg,"都電荒川線/荒川遊園地前駅 歩18分, 都電荒川線/小台駅 歩14分, 都電荒川線/荒川車庫前駅 歩24分","https://img01.suumo.com/front/gazo/fr/bukken/083/100405862083/100405862083_go.jpg, https://img01.suumo.com/front/gazo/fr/bukken/083/100405862083/100405862083_co.jpg"
町田市野津田町戸建,東京都,田市,119000.0,3LDK,34,一戸建て・その他,東京都町田市野津田町,2,77.09,0.0,119000.0,https://img01.suumo.com/front/gazo/fr/bukken/590/100370210590/100370210590_gw.jpg,"小田急線/鶴川駅 歩52分, 小田急線/町田駅 歩59分","https://img01.suumo.com/front/gazo/fr/bukken/590/100370210590/100370210590_go.jpg, https://img01.suumo.com/front/gazo/fr/bukken/590/100370210590/100370210590_co.jpg"
ガレージハウス　川口,東京都,八王子市,120000.0,1DK,15,一戸建て・その他,東京都八王子市川口町,2,72.86,0.0,120000.0,https://img01.suumo.com/front/gazo/fr/bukken/758/100382959758/100382959758_gw.jpg,"ＪＲ中央線/西八王子駅 歩73分, ＪＲ五日市線/秋川駅 歩94分, ＪＲ五日市線/武蔵引田駅 歩100分","https://img01.suumo.com/front/gazo/fr/bukken/758/100382959758/100382959758_go.jpg, https://img01.suumo.com/front/gazo/fr/bukken/758/100382959758/100382959758_co.jpg"
山下貸間,東京都,小平市,25000.0,ワンルーム,70,アパート,東京都小平市上水南町２,2,14.0,0.0,0.0,https://img01.suumo.com/front/gazo/fr/bukken/933/100416186933/100416186933_gw.jpg,"ＪＲ中央線/国分寺駅 歩17分, 西武多摩湖線/一橋学園駅 歩20分, 西武国分寺線/恋ヶ窪駅 歩29分","https://img01.suumo.com/front/gazo/fr/bukken/933/100416186933/100416186933_go.jpg, https://img01.suumo.com/front/gazo/fr/bukken/933/100416186933/100416186933_co.jpg"
マルシンハイツ,東京都,八王子市,25000.0,ワンルーム,48,マンション,東京都八王子市中野山王２,3,15.2,5000.0,0.0,https://img01.suumo.com/front/gazo/fr/bukken/333/100411215333/100411215333_gw.jpg,"ＪＲ中央線/八王子駅 歩36分, 京王線/京王八王子駅 歩35分, ＪＲ中央線/西八王子駅 歩41分","https://img01.suumo.com/front/gazo/fr/bukken/324/100421836324/100421836324_go.jpg, https://img01.suumo.com/front/gazo/fr/bukken/324/100421836324/100421836324_co.jpg"
パームツリー,東京都,八王子市,29000.0,ワンルーム,39,アパート,東京都八王子市滝山町２,2,17.95,1000.0,0.0,https://img01.suumo.com/front/gazo/fr/bukken/398/100316924398/100316924398_gw.jpg,"ＪＲ八高線/小宮駅 歩48分, ＪＲ中央線/八王子駅 バス18分 (バス停)新道丹木町 歩5分, 京王線/京王八王子駅 バス20分 (バス停)新道丹木町 歩5分","https://img01.suumo.com/front/gazo/fr/bukken/886/100319976886/100319976886_go.jpg, https://img01.suumo.com/front/gazo/fr/bukken/886/100319976886/100319976886_co.jpg"
レオパレス丸越,東京都,八王子市,33000.0,1K,23,アパート,東京都八王子市弐分方町,2,20.28,5000.0,0.0,https://img01.suumo.com/front/gazo/fr/bukken/191/100348076191/100348076191_gw.jpg,ＪＲ中央線/八王子駅 バス31分 (バス停)切通し 歩2分,"https://img01.suumo.com/front/gazo/fr/bukken/191/100348076191/100348076191_go.jpg, https://img01.suumo.com/front/gazo/fr/bukken/191/100348076191/100348076191_co.jpg"
ＪＫＫ東京　町田木曽住宅,東京都,田市,34000.0,2K,57,マンション,東京都町田市木曽東４,5,32.85,1500.0,68000.0,https://img01.suumo.com/front/gazo/fr/bukken/882/100353803882/100353803882_gw.jpg,"小田急線/町田駅 バス16分 (バス停)山崎団地センター 歩14分, ＪＲ横浜線/町田駅 バス16分 (バス停)山崎団地センター 歩14分","https://img01.suumo.com/front/gazo/fr/bukken/882/100353803882/100353803882_go.jpg, https://img01.suumo.com/front/gazo/fr/bukken/882/100353803882/100353803882_co.jpg"
乙未荘,東京都,調布市,35000.0,1K,63,アパート,東京都調布市深大寺元町１,2,19.44,1000.0,35000.0,https://img01.suumo.com/front/gazo/fr/bukken/796/100417933796/100417933796_gw.jpg,"京王相模原線/調布駅 歩20分, 京王線/西調布駅 歩25分, 京王線/布田駅 歩30分","https://img01.suumo.com/front/gazo/fr/bukken/796/100417933796/100417933796_go.jpg, https://img01.suumo.com/front/gazo/fr/bukken/796/100417933796/100417933796_co.jpg"
ＪＫＫ東京　町田木曽住宅,東京都,田市,35400.0,2DK,57,マンション,東京都町田市木曽東４,5,34.56,1500.0,70800.0,https://img01.suumo.com/front/gazo/fr/bukken/616/100423917616/100423917616_gw.jpg,"小田急線/町田駅 バス16分 (バス停)山崎団地センター 歩14分, ＪＲ横浜線/町田駅 バス16分 (バス停)山崎団地センター 歩14分","https://img01.suumo.com/front/gazo/fr/bukken/616/100423917616/100423917616_go.jpg, https://img01.suumo.com/front/gazo/fr/bukken/616/100423917616/100423917616_co.jpg"
グリュックハイツ,東京都,世田谷区,45000.0,ワンルーム,47,アパート,東京都世田谷区北烏山７,2,13.49,0.0,45000.0,https://img01.suumo.com/front/gazo/fr/bukken/444/100375735444/100375735444_gw.jpg,"京王線/千歳烏山駅 歩18分, 京王井の頭線/久我山駅 歩23分, 京王線/芦花公園駅 歩26分","https://img01.suumo.com/front/gazo/fr/bukken/444/100375735444/100375735444_go.jpg, https://img01.suumo.com/front/gazo/fr/bukken/444/100375735444/100375735444_co.jpg"
信濃荘,東京都,三鷹市,45000.0,1K,51,アパート,東京都三鷹市新川６,2,17.32,3000.0,45000.0,https://img01.suumo.com/front/gazo/fr/bukken/664/100214081664/100214081664_gw.jpg,"ＪＲ中央線/三鷹駅 歩36分, 京王線/調布駅 バス29分 (バス停)新川通り 歩3分, ＪＲ中央線/吉祥寺駅 バス26分 (バス停)新川 歩1分","https://img01.suumo.com/front/gazo/fr/bukken/573/100214082573/100214082573_go.jpg, https://img01.suumo.com/front/gazo/fr/bukken/573/100214082573/100214082573_co.jpg"
ＪＲ中央線 三鷹駅 2階建 築51年,東京都,三鷹市,45000.0,1K,51,アパート,東京都三鷹市新川６,2,17.32,3000.0,45000.0,https://img01.suumo.com/front/gazo/fr/bukken/777/100215762777/100215762777_gw.jpg,"ＪＲ中央線/三鷹駅 歩36分, 京王線/調布駅 バス29分 (バス停)新川通り 歩3分, ＪＲ中央線/吉祥寺駅 バス26分 (バス停)新川 歩1分","https://img01.suumo.com/front/gazo/fr/bukken/725/100215763725/100215763725_go.jpg, https://img01.suumo.com/front/gazo/fr/bukken/725/100215763725/100215763725_co.jpg"
京王高尾線 狭間駅 2階建 築17年,東京都,八王子市,43000.0,1K,17,アパート,東京都八王子市下恩方町,2,23.61,5000.0,0.0,https://img01.suumo.com/front/gazo/fr/bukken/375/100416903375/100416903375_gw.jpg,"京王高尾線/狭間駅 バス24分 (バス停)上野原 歩4分, ＪＲ中央線/高尾駅 バス28分 (バス停)上野原 歩4分, ＪＲ中央線/西八王子駅 バス31分 (バス停)上野原 歩4分","https://img01.suumo.com/front/gazo/fr/bukken/375/100416903375/100416903375_go.jpg, https://img01.suumo.com/front/gazo/fr/bukken/375/100416903375/100416903375_co.jpg"
レオパレスサンビームＡ,東京都,葛飾区,49000.0,1K,33,アパート,東京都葛飾区西水元４,2,16.83,5500.0,0.0,https://img01.suumo.com/front/gazo/fr/bukken/631/100380253631/100380253631_gw.jpg,"ＪＲ常磐線/金町駅 バス25分 (バス停)西水元３丁目 歩6分, 東京メトロ千代田線/北綾瀬駅 歩48分, ＪＲ常磐線/亀有駅 歩50分","https://img01.suumo.com/front/gazo/fr/bukken/631/100380253631/100380253631_go.jpg, https://img01.suumo.com/front/gazo/fr/bukken/631/100380253631/100380253631_co.jpg"
カースルコバヤシ,東京都,杉並区,49000.0,1K,75,アパート,東京都杉並区上荻３,2,23.0,1000.0,49000.0,https://img01.suumo.com/front/gazo/fr/bukken/773/100351713773/100351713773_gw.jpg,"ＪＲ中央線/西荻窪駅 歩12分, 東京メトロ丸ノ内線/荻窪駅 歩14分","https://img01.suumo.com/front/gazo/fr/bukken/773/100351713773/100351713773_go.jpg, https://img01.suumo.com/front/gazo/fr/bukken/773/100351713773/100351713773_co.jpg"
エスケンハイム,東京都,練馬区,51000.0,ワンルーム,57,アパート,東京都練馬区大泉町１,3,16.5,2000.0,0.0,https://img01.suumo.com/front/gazo/fr/bukken/821/100403327821/100403327821_gw.jpg,"都営大江戸線/光が丘駅 歩28分, 都営大江戸線/光が丘駅 バス12分 (バス停)土支田二丁目 歩5分","https://img01.suumo.com/front/gazo/fr/bukken/821/100403327821/100403327821_go.jpg, https://img01.suumo.com/front/gazo/fr/bukken/821/100403327821/100403327821_co.jpg"
都営大江戸線 光が丘駅 3階建 築57年,東京都,練馬区,51000.0,ワンルーム,57,アパート,東京都練馬区大泉町１,3,16.5,2000.0,0.0,https://img01.suumo.com/front/gazo/fr/bukken/101/100425871101/100425871101_gw.jpg,"都営大江戸線/光が丘駅 歩28分, 都営大江戸線/光が丘駅 バス12分 (バス停)土支田二丁目 歩5分","https://img01.suumo.com/front/gazo/fr/bukken/101/100425871101/100425871101_go.jpg, https://img01.suumo.com/front/gazo/fr/bukken/101/100425871101/100425871101_co.jpg"
ハイツ田中,東京都,葛飾区,54000.0,2K,61,アパート,東京都葛飾区四つ木２,2,26.0,0.0,0.0,https://img01.suumo.com/front/gazo/fr/bukken/339/100358208339/100358208339_gw.jpg,"京成押上線/四ツ木駅 歩8分, 京成押上線/京成立石駅 歩14分, 京成本線/お花茶屋駅 歩19分","https://img01.suumo.com/front/gazo/fr/bukken/339/100358208339/100358208339_go.jpg, https://img01.suumo.com/front/gazo/fr/bukken/339/100358208339/100358208339_co.jpg"
レジデンスミツトヨ,東京都,武蔵村,55000.0,2DK,34,アパート,東京都武蔵村山市三ツ藤３,2,40.07,4000.0,0.0,https://img01.suumo.com/front/gazo/fr/bukken/362/100420917362/100420917362_gw.jpg,"ＪＲ八高線/箱根ケ崎駅 歩41分, 西武拝島線/西武立川駅 歩46分, 西武拝島線/武蔵砂川駅 歩52分","https://img01.suumo.com/front/gazo/fr/bukken/362/100420917362/100420917362_go.jpg, https://img01.suumo.com/front/gazo/fr/bukken/362/100420917362/100420917362_co.jpg"
ビレッジハウス小比企2号棟,東京都,八王子市,56000.0,3DK,61,マンション,東京都八王子市小比企町,5,49.2,0.0,0.0,https://img01.suumo.com/front/gazo/fr/bukken/539/100395997539/100395997539_gw.jpg,"京王高尾線/山田駅 歩9分, 京王高尾線/めじろ台駅 歩16分, ＪＲ中央線/西八王子駅 バス9分 (バス停)めじろ台一丁目 歩12分","https://img01.suumo.com/front/gazo/fr/bukken/763/100426577763/100426577763_ro.jpg, https://img01.suumo.com/front/gazo/fr/bukken/763/100426577763/100426577763_co.jpg"
ＪＲ中央線 八王子駅 2階建 築39年,東京都,八王子市,56000.0,2DK,39,アパート,東京都八王子市犬目町,2,37.67,0.0,0.0,https://img01.suumo.com/front/gazo/fr/bukken/894/100392548894/100392548894_gw.jpg,"ＪＲ中央線/八王子駅 バス20分 (バス停)甲の原 歩2分, 京王線/京王八王子駅 バス20分 (バス停)甲の原 歩2分, ＪＲ中央線/西八王子駅 バス17分 (バス停)一本松 歩11分","https://img01.suumo.com/front/gazo/fr/bukken/681/100422725681/100422725681_go.jpg, https://img01.suumo.com/front/gazo/fr/bukken/681/100422725681/100422725681_co.jpg"
ＵＲ多摩ニュータウン貝取,東京都,多摩市,56700.0,3K,50,マンション,東京都多摩市貝取５,5,55.33,3900.0,113400.0,https://img01.suumo.com/front/gazo/fr/bukken/155/100425482155/100425482155_gw.jpg,"京王相模原線/京王多摩センター駅 歩35分, 小田急多摩線/小田急多摩センター駅 歩35分, 多摩都市モノレール/多摩センター駅 歩37分","https://img01.suumo.com/front/gazo/fr/bukken/155/100425482155/100425482155_go.jpg, https://img01.suumo.com/front/gazo/fr/bukken/155/100425482155/100425482155_co.jpg"
コーポ石井,東京都,大田区,62000.0,1DK,73,アパート,東京都大田区山王３,2,21.45,0.0,62000.0,https://img01.suumo.com/front/gazo/fr/bukken/358/100358046358/100358046358_gw.jpg,ＪＲ京浜東北線/大森駅 歩14分,"https://img01.suumo.com/front/gazo/fr/bukken/358/100358046358/100358046358_ro.jpg, https://img01.suumo.com/front/gazo/fr/bukken/358/100358046358/100358046358_co.jpg"
ＪＲ総武線 新小岩駅 2階建 築60年,東京都,葛飾区,78500.0,3K,60,一戸建て・その他,東京都葛飾区奥戸３,2,36.39,0.0,78500.0,https://img01.suumo.com/front/gazo/fr/bukken/909/100427251909/100427251909_gw.jpg,"ＪＲ総武線/新小岩駅 歩22分, 京成押上線/京成立石駅 歩23分, 成田スカイアクセス/青砥駅 歩30分","https://img01.suumo.com/front/gazo/fr/bukken/909/100427251909/100427251909_go.jpg, https://img01.suumo.com/front/gazo/fr/bukken/909/100427251909/100427251909_co.jpg"
奥戸3丁目戸建,東京都,葛飾区,78500.0,3K,60,一戸建て・その他,東京都葛飾区奥戸３,2,36.39,0.0,78500.0,https://img01.suumo.com/front/gazo/fr/bukken/886/100427142886/100427142886_gw.jpg,"ＪＲ総武線/新小岩駅 歩22分, 京成押上線/京成立石駅 歩23分, 成田スカイアクセス/青砥駅 歩30分","https://img01.suumo.com/front/gazo/fr/bukken/886/100427142886/100427142886_go.jpg, https://img01.suumo.com/front/gazo/fr/bukken/886/100427142886/100427142886_co.jpg"
東京メトロ丸ノ内線 茗荷谷駅 2階建 築75年,東京都,文京区,85000.0,1DK,75,アパート,東京都文京区白山３,2,29.0,0.0,85000.0,https://img01.suumo.com/front/gazo/fr/bukken/517/100426620517/100426620517_gw.jpg,"東京メトロ丸ノ内線/茗荷谷駅 歩10分, 都営三田線/白山駅 歩15分, 都営三田線/春日駅 歩18分","https://img01.suumo.com/front/gazo/fr/bukken/518/100426620518/100426620518_go.jpg, https://img01.suumo.com/front/gazo/fr/bukken/518/100426620518/100426620518_co.jpg"
西武多摩湖線 一橋学園駅 2階建 築54年,東京都,小平市,95000.0,4K,54,一戸建て・その他,東京都小平市上水本町６,2,62.8,0.0,95000.0,https://img01.suumo.com/front/gazo/fr/bukken/703/100386180703/100386180703_gw.jpg,"西武多摩湖線/一橋学園駅 歩15分, 西武国分寺線/恋ヶ窪駅 歩19分, 西武国分寺線/鷹の台駅 歩24分","https://img01.suumo.com/front/gazo/fr/bukken/703/100386180703/100386180703_go.jpg, https://img01.suumo.com/front/gazo/fr/bukken/703/100386180703/100386180703_co.jpg"
中野コーポラス,東京都,八王子市,56000.0,2DK,54,マンション,東京都八王子市中野山王１,6,40.0,0.0,56000.0,https://img01.suumo.com/front/gazo/fr/bukken/113/100424716113/100424716113_gw.jpg,"ＪＲ中央線/八王子駅 バス18分 (バス停)川口川橋 歩2分, 京王線/京王八王子駅 バス13分 (バス停)川口川橋 歩2分, ＪＲ中央線/西八王子駅 バス33分 (バス停)川口川橋 歩2分","https://img01.suumo.com/front/gazo/fr/bukken/246/100424766246/100424766246_go.jpg, https://img01.suumo.com/front/gazo/fr/bukken/246/100424766246/100424766246_co.jpg"
ＵＲ百草,東京都,多摩市,61200.0,2LDK,56,マンション,東京都多摩市和田,5,50.88,4150.0,122400.0,https://img01.suumo.com/front/gazo/fr/bukken/668/100417577668/100417577668_gw.jpg,"京王線/高幡不動駅 歩30分, 京王線/聖蹟桜ヶ丘駅 バス14分 (バス停)百草団地 歩2分, 京王相模原線/京王多摩センター駅 バス9分 (バス停)百草団地南 歩8分","https://img01.suumo.com/front/gazo/fr/bukken/695/100417577695/100417577695_go.jpg, https://img01.suumo.com/front/gazo/fr/bukken/695/100417577695/100417577695_co.jpg"
京王線 柴崎駅 平屋 築70年,東京都,狛江市,70000.0,3K,70,一戸建て・その他,東京都狛江市西野川４,0,38.78,0.0,70000.0,https://img01.suumo.com/front/gazo/fr/bukken/054/100419121054/100419121054_gw.jpg,"京王線/柴崎駅 歩15分, 京王線/つつじヶ丘駅 歩18分, 京王線/国領駅 歩20分","https://img01.suumo.com/front/gazo/fr/bukken/054/100419121054/100419121054_go.jpg, https://img01.suumo.com/front/gazo/fr/bukken/054/100419121054/100419121054_co.jpg"
平野マンション,東京都,三鷹市,77000.0,2DK,49,アパート,東京都三鷹市新川６,2,38.9,0.0,77000.0,https://img01.suumo.com/front/gazo/fr/bukken/802/100270006802/100270006802_gw.jpg,"京王井の頭線/井の頭公園駅 歩37分, ＪＲ中央線/三鷹駅 歩34分, 京王井の頭線/三鷹台駅 歩33分","https://img01.suumo.com/front/gazo/fr/bukken/802/100270006802/100270006802_go.jpg, https://img01.suumo.com/front/gazo/fr/bukken/802/100270006802/100270006802_co.jpg"
京王線 八幡山駅 4階建 築61年,東京都,世田谷区,78000.0,2DK,61,マンション,東京都世田谷区千歳台５,4,42.55,0.0,78000.0,https://img01.suumo.com/front/gazo/fr/bukken/209/100423983209/100423983209_gw.jpg,"京王線/八幡山駅 歩25分, 京王線/千歳烏山駅 歩25分, 京王線/芦花公園駅 歩25分","https://img01.suumo.com/front/gazo/fr/bukken/209/100423983209/100423983209_ro.jpg, https://img01.suumo.com/front/gazo/fr/bukken/209/100423983209/100423983209_co.jpg"
仲町２３ハウス,東京都,板橋区,89000.0,4K,78,一戸建て・その他,東京都板橋区仲町,2,67.9,0.0,178000.0,https://img01.suumo.com/front/gazo/fr/bukken/956/100421896956/100421896956_gw.jpg,"東武東上線/中板橋駅 歩6分, 東武東上線/大山駅 歩13分, 都営三田線/板橋区役所前駅 歩18分","https://img01.suumo.com/front/gazo/fr/bukken/956/100421896956/100421896956_go.jpg, https://img01.suumo.com/front/gazo/fr/bukken/956/100421896956/100421896956_co.jpg"
本木１丁目神谷戸建２,東京都,足立区,105000.0,2LDK,66,一戸建て・その他,東京都足立区本木１,2,63.35,0.0,105000.0,https://img01.suumo.com/front/gazo/fr/bukken/374/100422427374/100422427374_gw.jpg,"日暮里・舎人ライナー/扇大橋駅 歩20分, 日暮里・舎人ライナー/高野駅 歩23分, 日暮里・舎人ライナー/足立小台駅 歩27分","https://img01.suumo.com/front/gazo/fr/bukken/374/100422427374/100422427374_go.jpg, https://img01.suumo.com/front/gazo/fr/bukken/374/100422427374/100422427374_co.jpg"
